seed,best_fitness,final_fitness,runtime,diversity,top_mofs,fitness_history
0,0.651351017,0.651351017,7.706966162,0,"['GUQLOW', 'GUQLOW', 'GUQLOW', 'GUQLOW', 'GUQLOW']","[0.6341226641991555, 0.62625240139863, 0.6422228821797179, 0.6513510171189482, 0.6495407848227801, 0.6472275000557649, 0.6465038627249173, 0.645969464979364, 0.6451782995258503, 0.6451782995258503, 0.6451782995258503, 0.6451782995258503, 0.6451782995258503, 0.6451782995258503, 0.6451782995258503, 0.6451782995258503, 0.6451782995258503, 0.6451782995258503, 0.6451782995258503, 0.6451782995258503, 0.6451782995258503, 0.6451782995258503, 0.6451782995258503, 0.6451782995258503, 0.6451782995258503, 0.6451782995258503, 0.6451782995258503, 0.6451782995258503, 0.6451782995258503, 0.6451782995258503, 0.6451782995258503, 0.6451782995258503, 0.6451782995258503, 0.6451782995258503, 0.6451782995258503, 0.6451782995258503, 0.6451782995258503, 0.6451782995258503, 0.6451782995258503, 0.6451782995258503, 0.6451782995258503, 0.6451782995258503, 0.6451782995258503, 0.6451782995258503, 0.6451782995258503, 0.6451782995258503, 0.6451782995258503, 0.6451782995258503, 0.6451782995258503, 0.6451782995258503, 0.6451782995258503, 0.6451782995258503, 0.6451782995258503, 0.6451782995258503, 0.6451782995258503, 0.6451782995258503, 0.6451782995258503, 0.6451782995258503, 0.6451782995258503, 0.6451782995258503, 0.6451782995258503, 0.6451782995258503, 0.6451782995258503, 0.6451782995258503, 0.6451782995258503, 0.6451782995258503, 0.6451782995258503, 0.6451782995258503, 0.6451782995258503, 0.6451782995258503, 0.6451782995258503, 0.6451782995258503, 0.6451782995258503, 0.6451782995258503, 0.6451782995258503, 0.6451782995258503, 0.6451782995258503, 0.6451782995258503, 0.6451782995258503, 0.6451782995258503, 0.6451782995258503, 0.6451782995258503, 0.6451782995258503, 0.6451782995258503, 0.6451782995258503, 0.6451782995258503, 0.6451782995258503, 0.6451782995258503, 0.6451782995258503, 0.6451782995258503, 0.6451782995258503, 0.6451782995258503, 0.6451782995258503, 0.6451782995258503, 0.6451782995258503, 0.6451782995258503, 0.6451782995258503, 0.6451782995258503, 0.6451782995258503, 0.6451782995258503]"
1,0.654727878,0.654727878,7.843517065,0.196103282,"['YUHNAS', 'YUHNAS', 'YUHNAS', 'YUHNAS', 'IVAFUG']","[0.6241909453692496, 0.6067630888706222, 0.6172107595085501, 0.6156022077328283, 0.6471627404652401, 0.6464117332557813, 0.6446702071463289, 0.6437157949678829, 0.6436116912782293, 0.6436116912782293, 0.6436116912782293, 0.6436116912782293, 0.6436116912782293, 0.645376753228871, 0.6446109545706686, 0.6446109545706686, 0.6446109545706686, 0.6446109545706686, 0.6446109545706686, 0.6446109545706686, 0.6446109545706686, 0.6446109545706686, 0.6446109545706686, 0.6446109545706686, 0.6446109545706686, 0.6446109545706686, 0.6446109545706686, 0.6446109545706686, 0.6446109545706686, 0.6446109545706686, 0.6446109545706686, 0.6446109545706686, 0.6446109545706686, 0.6446109545706686, 0.6446109545706686, 0.6446109545706686, 0.6547278775137485, 0.6535363192079804, 0.6508909861737712, 0.650436806528539, 0.6497609770359023, 0.6499455242239701, 0.6495815534131907, 0.6495815534131907, 0.6495815534131907, 0.6495815534131907, 0.6495815534131907, 0.6495815534131907, 0.6495815534131907, 0.6495815534131907, 0.6495815534131907, 0.6495815534131907, 0.6495815534131907, 0.6495815534131907, 0.6495815534131907, 0.6495815534131907, 0.6495815534131907, 0.6495815534131907, 0.6495815534131907, 0.6495815534131907, 0.6495815534131907, 0.6495815534131907, 0.6495815534131907, 0.6495815534131907, 0.6495815534131907, 0.6495815534131907, 0.6495815534131907, 0.6495815534131907, 0.6495815534131907, 0.6495815534131907, 0.6495815534131907, 0.6495815534131907, 0.6495815534131907, 0.6495815534131907, 0.6495815534131907, 0.6495815534131907, 0.6495815534131907, 0.6495815534131907, 0.6495815534131907, 0.6495815534131907, 0.6495815534131907, 0.6495815534131907, 0.6495815534131907, 0.6495815534131907, 0.6495815534131907, 0.6495815534131907, 0.6495815534131907, 0.6495815534131907, 0.6495815534131907, 0.6495815534131907, 0.6495815534131907, 0.6495815534131907, 0.6495815534131907, 0.6495815534131907, 0.6495815534131907, 0.6495815534131907, 0.6495815534131907, 0.6495815534131907, 0.6495815534131907, 0.6495815534131907]"
2,0.654456837,0.654456837,7.8660748,0.239711355,"['IVAFUG', 'IVAFUG', 'IVAFUG', 'YUHNAS', 'GUQLOW']","[0.6189645612978388, 0.6219116881891706, 0.6334880601187318, 0.6323949422619726, 0.6328542916669022, 0.6415104548486195, 0.6401492008553578, 0.6513846418990636, 0.6499006752322672, 0.6489680411417884, 0.6477775503404495, 0.6464731269179568, 0.6450375935099014, 0.6450375935099014, 0.6450375935099014, 0.6450375935099014, 0.6489186686665057, 0.6482469409868736, 0.6475399436885767, 0.6475399436885767, 0.6475399436885767, 0.6475399436885767, 0.6475399436885767, 0.6475399436885767, 0.6475399436885767, 0.6475399436885767, 0.6475399436885767, 0.6475399436885767, 0.6475399436885767, 0.6475399436885767, 0.6475399436885767, 0.6475399436885767, 0.6475399436885767, 0.6475399436885767, 0.6475399436885767, 0.6475399436885767, 0.6475399436885767, 0.6475399436885767, 0.6475399436885767, 0.6475399436885767, 0.6475399436885767, 0.6475399436885767, 0.6475399436885767, 0.6475399436885767, 0.6475399436885767, 0.6475399436885767, 0.6475399436885767, 0.6475399436885767, 0.6475399436885767, 0.6475399436885767, 0.6475399436885767, 0.6475399436885767, 0.6475399436885767, 0.6475399436885767, 0.6475399436885767, 0.6475399436885767, 0.6475399436885767, 0.6475399436885767, 0.6475399436885767, 0.6475399436885767, 0.6475399436885767, 0.6475399436885767, 0.6475399436885767, 0.6475399436885767, 0.6475399436885767, 0.6475399436885767, 0.6475399436885767, 0.6475399436885767, 0.6475399436885767, 0.6475399436885767, 0.6475399436885767, 0.6475399436885767, 0.6475399436885767, 0.6475399436885767, 0.6544568371737817, 0.653170092427231, 0.6517766277527997, 0.6513304420376288, 0.6513304420376288, 0.6513304420376288, 0.6513304420376288, 0.6513304420376288, 0.6513304420376288, 0.6513304420376288, 0.6513304420376288, 0.6513304420376288, 0.6513304420376288, 0.6513304420376288, 0.6513304420376288, 0.6513304420376288, 0.6513304420376288, 0.6513304420376288, 0.6513304420376288, 0.6513304420376288, 0.6513304420376288, 0.6513304420376288, 0.6513304420376288, 0.6513304420376288, 0.6513304420376288, 0.6513304420376288]"
3,0.657667037,0.657667037,7.566903114,0.189159213,"['ILINEY', 'ILINEY', 'ILINEY', 'ILINEY', 'YUHNAS']","[0.6532768540021087, 0.6419180010988519, 0.6392024600438905, 0.6365548780490091, 0.6576670366891229, 0.6575273603197423, 0.6573859650645045, 0.6532975495126553, 0.6530990859061888, 0.6530990859061888, 0.6530990859061888, 0.6530990859061888, 0.6530990859061888, 0.6530990859061888, 0.6530990859061888, 0.6530990859061888, 0.6530990859061888, 0.6530990859061888, 0.6530990859061888, 0.6530990859061888, 0.6530990859061888, 0.6530990859061888, 0.6530990859061888, 0.6530990859061888, 0.6530990859061888, 0.6532079973944153, 0.6532079973944153, 0.6532079973944153, 0.6532079973944153, 0.6532079973944153, 0.6532079973944153, 0.6532079973944153, 0.6532079973944153, 0.6532079973944153, 0.6532079973944153, 0.6532079973944153, 0.6532079973944153, 0.6532079973944153, 0.6532079973944153, 0.6532079973944153, 0.6532079973944153, 0.6532079973944153, 0.6532079973944153, 0.6532079973944153, 0.6532079973944153, 0.6532079973944153, 0.6532079973944153, 0.6532079973944153, 0.6532079973944153, 0.6532079973944153, 0.6532079973944153, 0.6532079973944153, 0.6532079973944153, 0.6532079973944153, 0.6532079973944153, 0.6532079973944153, 0.6532079973944153, 0.6532079973944153, 0.6532079973944153, 0.6532079973944153, 0.6532079973944153, 0.6532079973944153, 0.6532079973944153, 0.6532079973944153, 0.6532079973944153, 0.6532079973944153, 0.6532079973944153, 0.6532079973944153, 0.6532079973944153, 0.6532079973944153, 0.6532079973944153, 0.6532079973944153, 0.6532079973944153, 0.6532079973944153, 0.6532079973944153, 0.6532079973944153, 0.6532079973944153, 0.6532079973944153, 0.6532079973944153, 0.6532079973944153, 0.6532079973944153, 0.6532079973944153, 0.6532079973944153, 0.6532079973944153, 0.6532079973944153, 0.6532079973944153, 0.6532079973944153, 0.6532079973944153, 0.6532079973944153, 0.6532079973944153, 0.6532079973944153, 0.6532079973944153, 0.6532079973944153, 0.6532079973944153, 0.6532079973944153, 0.6532079973944153, 0.6532079973944153, 0.6532079973944153, 0.6532079973944153, 0.6532079973944153]"
4,0.66288784,0.66288784,7.595721006,0,"['ILINEY', 'ILINEY', 'ILINEY', 'ILINEY', 'ILINEY']","[0.525241171436299, 0.5511876009556493, 0.6042973924750318, 0.6033236933485008, 0.635796859443233, 0.6339811522466018, 0.6491078706868502, 0.6546042010422278, 0.6532767034849758, 0.6505400867082334, 0.6508741319740201, 0.6628878395930713, 0.6610743785257758, 0.6608396941171342, 0.6606005027367097, 0.6583884598790865, 0.6557497625042051, 0.6557497625042051, 0.6557497625042051, 0.6557497625042051, 0.6557497625042051, 0.6557497625042051, 0.6557497625042051, 0.6557497625042051, 0.6557497625042051, 0.6557497625042051, 0.6557497625042051, 0.6557497625042051, 0.6557497625042051, 0.6557497625042051, 0.6557497625042051, 0.6557497625042051, 0.6557497625042051, 0.6557497625042051, 0.6557497625042051, 0.6557497625042051, 0.6557497625042051, 0.6557497625042051, 0.6557497625042051, 0.6557497625042051, 0.6557497625042051, 0.6557497625042051, 0.6557497625042051, 0.6557497625042051, 0.6557497625042051, 0.6557497625042051, 0.6557497625042051, 0.6557497625042051, 0.6557497625042051, 0.6557497625042051, 0.6557497625042051, 0.6557497625042051, 0.6557497625042051, 0.6557497625042051, 0.6557497625042051, 0.6557497625042051, 0.6557497625042051, 0.6557497625042051, 0.6557497625042051, 0.6557497625042051, 0.6557497625042051, 0.6557497625042051, 0.6557497625042051, 0.6557497625042051, 0.6557497625042051, 0.6557497625042051, 0.6557497625042051, 0.6557497625042051, 0.6557497625042051, 0.6557497625042051, 0.6557497625042051, 0.6557497625042051, 0.6557497625042051, 0.6557497625042051, 0.6557497625042051, 0.6557497625042051, 0.6557497625042051, 0.6557497625042051, 0.6557497625042051, 0.6557497625042051, 0.6557497625042051, 0.6557497625042051, 0.6557497625042051, 0.6557497625042051, 0.6557497625042051, 0.6557497625042051, 0.6557497625042051, 0.6557497625042051, 0.6557497625042051, 0.6557497625042051, 0.6557497625042051, 0.6557497625042051, 0.6557497625042051, 0.6557497625042051, 0.6557497625042051, 0.6557497625042051, 0.6557497625042051, 0.6557497625042051, 0.6557497625042051, 0.6557497625042051]"
5,0.649033793,0.649033793,7.715339661,0.144690908,"['GUQLOW', 'GUQLOW', 'IVAFUG', 'GUQLOW', 'IVAFUG']","[0.6339765313941511, 0.6434700211511555, 0.6348784072850835, 0.6341082927820992, 0.633531376232065, 0.633531376232065, 0.633531376232065, 0.6376181231097956, 0.6475286840052072, 0.645912875443839, 0.6463002359820722, 0.6445376360183268, 0.6430955543418593, 0.6430955543418593, 0.6430955543418593, 0.6490337926286797, 0.6476207494460057, 0.6465611511582569, 0.6454083352102775, 0.6454083352102775, 0.6454083352102775, 0.6454083352102775, 0.6454083352102775, 0.6454083352102775, 0.6454083352102775, 0.6454083352102775, 0.6454083352102775, 0.6454083352102775, 0.6454083352102775, 0.6454083352102775, 0.6454083352102775, 0.6454083352102775, 0.6454083352102775, 0.6454083352102775, 0.6454083352102775, 0.6454083352102775, 0.6454083352102775, 0.6454083352102775, 0.6454083352102775, 0.6454083352102775, 0.6454083352102775, 0.6454083352102775, 0.6454083352102775, 0.6454083352102775, 0.6454083352102775, 0.6454083352102775, 0.6454083352102775, 0.6454083352102775, 0.6454083352102775, 0.6454083352102775, 0.6454083352102775, 0.6454083352102775, 0.6454083352102775, 0.6454083352102775, 0.6454083352102775, 0.6454083352102775, 0.6454083352102775, 0.6454083352102775, 0.6454083352102775, 0.6454083352102775, 0.6454083352102775, 0.6454083352102775, 0.6454083352102775, 0.6454083352102775, 0.6454083352102775, 0.6454083352102775, 0.6454083352102775, 0.6454083352102775, 0.6454083352102775, 0.6454083352102775, 0.6454083352102775, 0.6454083352102775, 0.6454083352102775, 0.6454083352102775, 0.6454083352102775, 0.6454083352102775, 0.6454083352102775, 0.6454083352102775, 0.6454083352102775, 0.6454083352102775, 0.6454083352102775, 0.6454083352102775, 0.6454083352102775, 0.6454083352102775, 0.6454083352102775, 0.6454083352102775, 0.6454083352102775, 0.6454083352102775, 0.6454083352102775, 0.6454083352102775, 0.6454083352102775, 0.6454083352102775, 0.6454083352102775, 0.6454083352102775, 0.6454083352102775, 0.6454083352102775, 0.6454083352102775, 0.6454083352102775, 0.6454083352102775, 0.6454083352102775]"
6,0.657246425,0.657246425,7.701323032,0,"['ILINEY', 'ILINEY', 'ILINEY', 'ILINEY', 'ILINEY']","[0.6521574285956883, 0.6339339839229824, 0.6356360593719627, 0.6418464990035986, 0.6396195313848253, 0.6393560072811877, 0.6385308446417164, 0.6382461189422556, 0.6382461189422556, 0.6382461189422556, 0.6421065830777049, 0.6419579974213127, 0.6437314380512063, 0.6435274303025432, 0.6433204424446064, 0.6430380564119479, 0.6427500277167033, 0.6427500277167033, 0.6427500277167033, 0.6427500277167033, 0.6427500277167033, 0.6427500277167033, 0.6427500277167033, 0.6427500277167033, 0.6427500277167033, 0.6427500277167033, 0.6427500277167033, 0.6572464251832646, 0.6569893694182003, 0.6567276017686265, 0.6564609914814747, 0.6561894029207095, 0.6555507160709789, 0.6555507160709789, 0.6555507160709789, 0.6555507160709789, 0.6555507160709789, 0.6555507160709789, 0.6555507160709789, 0.6555507160709789, 0.6555507160709789, 0.6555507160709789, 0.6555507160709789, 0.6555507160709789, 0.6555507160709789, 0.6555507160709789, 0.6555507160709789, 0.6555507160709789, 0.6555507160709789, 0.6555507160709789, 0.6555507160709789, 0.6555507160709789, 0.6555507160709789, 0.6555507160709789, 0.6555507160709789, 0.6555507160709789, 0.6555507160709789, 0.6555507160709789, 0.6555507160709789, 0.6555507160709789, 0.6555507160709789, 0.6555507160709789, 0.6555507160709789, 0.6555507160709789, 0.6555507160709789, 0.6555507160709789, 0.6555507160709789, 0.6555507160709789, 0.6555507160709789, 0.6555507160709789, 0.6555507160709789, 0.6555507160709789, 0.6555507160709789, 0.6555507160709789, 0.6555507160709789, 0.6555507160709789, 0.6555507160709789, 0.6555507160709789, 0.6555507160709789, 0.6555507160709789, 0.6555507160709789, 0.6555507160709789, 0.6555507160709789, 0.6555507160709789, 0.6555507160709789, 0.6555507160709789, 0.6555507160709789, 0.6555507160709789, 0.6555507160709789, 0.6555507160709789, 0.6555507160709789, 0.6555507160709789, 0.6555507160709789, 0.6555507160709789, 0.6555507160709789, 0.6555507160709789, 0.6555507160709789, 0.6555507160709789, 0.6555507160709789, 0.6555507160709789]"
7,0.657585594,0.657585594,7.699673176,0.025156884,"['IVAFUG', 'ILINEY', 'ILINEY', 'ILINEY', 'ILINEY']","[0.657585593535006, 0.6395905273838103, 0.6368733247045593, 0.6304067999943895, 0.6304067999943895, 0.6304067999943895, 0.6306771001175129, 0.6306771001175129, 0.6365681030367074, 0.6575155604261593, 0.6565148895928657, 0.6565003865278204, 0.6558299481828371, 0.6551269187057915, 0.6551269187057915, 0.6551269187057915, 0.6551269187057915, 0.6551269187057915, 0.6551269187057915, 0.6551269187057915, 0.6551269187057915, 0.6551269187057915, 0.6551269187057915, 0.6551269187057915, 0.6551269187057915, 0.6551269187057915, 0.6551269187057915, 0.6551269187057915, 0.6551269187057915, 0.6551269187057915, 0.6551269187057915, 0.6551269187057915, 0.6551269187057915, 0.6551269187057915, 0.6551269187057915, 0.6551269187057915, 0.6551269187057915, 0.6551269187057915, 0.6551269187057915, 0.6551269187057915, 0.6551269187057915, 0.6551269187057915, 0.6551269187057915, 0.6551269187057915, 0.6551269187057915, 0.6551269187057915, 0.6551269187057915, 0.6551269187057915, 0.6551269187057915, 0.6551269187057915, 0.6551269187057915, 0.6551269187057915, 0.6551269187057915, 0.6551269187057915, 0.6551269187057915, 0.6551269187057915, 0.6551269187057915, 0.6551269187057915, 0.6551269187057915, 0.6551269187057915, 0.6551269187057915, 0.6551269187057915, 0.6551269187057915, 0.6551269187057915, 0.6551269187057915, 0.6551269187057915, 0.6551269187057915, 0.6551269187057915, 0.6551269187057915, 0.6551269187057915, 0.6551269187057915, 0.6551269187057915, 0.6551269187057915, 0.6551269187057915, 0.6551269187057915, 0.6551269187057915, 0.6551269187057915, 0.6551269187057915, 0.6551269187057915, 0.6551269187057915, 0.6551269187057915, 0.6551269187057915, 0.6551269187057915, 0.6551269187057915, 0.6551269187057915, 0.6551269187057915, 0.6551269187057915, 0.6551269187057915, 0.6551269187057915, 0.6551269187057915, 0.6551269187057915, 0.6551269187057915, 0.6551269187057915, 0.6551269187057915, 0.6551269187057915, 0.6551269187057915, 0.6551269187057915, 0.6551269187057915, 0.6551269187057915, 0.6551269187057915]"
8,0.657393129,0.657393129,7.596542835,0,"['ILINEY', 'ILINEY', 'ILINEY', 'ILINEY', 'ILINEY']","[0.6002451474190255, 0.5884704366277016, 0.6291995461433694, 0.6283088747247367, 0.6357217083954922, 0.634040071613676, 0.6323783881735537, 0.6300533794868378, 0.6280931071399662, 0.6280931071399662, 0.6573931286446459, 0.6572731560113991, 0.6571838212837908, 0.6567282064157518, 0.6552782764740558, 0.6536633649369016, 0.6536633649369016, 0.6536633649369016, 0.6536633649369016, 0.6536633649369016, 0.6536633649369016, 0.6536633649369016, 0.6536633649369016, 0.6536633649369016, 0.6536633649369016, 0.6536633649369016, 0.6536633649369016, 0.6536633649369016, 0.6536633649369016, 0.6536633649369016, 0.6536633649369016, 0.6536633649369016, 0.6536633649369016, 0.6536633649369016, 0.6536633649369016, 0.6536633649369016, 0.6536633649369016, 0.6536633649369016, 0.6536633649369016, 0.6536633649369016, 0.6536633649369016, 0.6536633649369016, 0.6536633649369016, 0.6536633649369016, 0.6536633649369016, 0.6536633649369016, 0.6536633649369016, 0.6536633649369016, 0.6536633649369016, 0.6536633649369016, 0.6536633649369016, 0.6536633649369016, 0.6536633649369016, 0.6536633649369016, 0.6536633649369016, 0.6536633649369016, 0.6536633649369016, 0.6536633649369016, 0.6536633649369016, 0.6536633649369016, 0.6536633649369016, 0.6536633649369016, 0.6536633649369016, 0.6536633649369016, 0.6536633649369016, 0.6536633649369016, 0.6536633649369016, 0.6536633649369016, 0.6536633649369016, 0.6536633649369016, 0.6536633649369016, 0.6536633649369016, 0.6536633649369016, 0.6536633649369016, 0.6536633649369016, 0.6536633649369016, 0.6536633649369016, 0.6536633649369016, 0.6536633649369016, 0.6536633649369016, 0.6536633649369016, 0.6536633649369016, 0.6536633649369016, 0.6536633649369016, 0.6536633649369016, 0.6536633649369016, 0.6536633649369016, 0.6536633649369016, 0.6536633649369016, 0.6536633649369016, 0.6536633649369016, 0.6536633649369016, 0.6536633649369016, 0.6536633649369016, 0.6536633649369016, 0.6536633649369016, 0.6536633649369016, 0.6536633649369016, 0.6536633649369016, 0.6536633649369016]"
9,0.658849225,0.658849225,7.704143047,0.153794449,"['ILINEY', 'ILINEY', 'ILINEY', 'IVAFUG', 'ILINEY']","[0.6404340417680066, 0.6545518252669308, 0.6588492246907975, 0.6570609686063931, 0.6551352619098004, 0.6535106328668208, 0.6516539863914079, 0.6516539863914079, 0.6516539863914079, 0.6516539863914079, 0.6516539863914079, 0.6516539863914079, 0.6516539863914079, 0.6516539863914079, 0.6516539863914079, 0.6516539863914079, 0.6516539863914079, 0.6516539863914079, 0.6516539863914079, 0.6516539863914079, 0.6516539863914079, 0.6516539863914079, 0.6516539863914079, 0.6516539863914079, 0.6516539863914079, 0.6516539863914079, 0.6516539863914079, 0.6516539863914079, 0.6516539863914079, 0.6516539863914079, 0.6516539863914079, 0.6516539863914079, 0.6516539863914079, 0.6516539863914079, 0.6516539863914079, 0.6516539863914079, 0.6516539863914079, 0.6516539863914079, 0.6516539863914079, 0.6516539863914079, 0.6516539863914079, 0.6516539863914079, 0.6516539863914079, 0.6516539863914079, 0.6516539863914079, 0.6516539863914079, 0.6516539863914079, 0.6516539863914079, 0.6516539863914079, 0.6516539863914079, 0.6516539863914079, 0.6516539863914079, 0.6516539863914079, 0.6516539863914079, 0.6516539863914079, 0.6516539863914079, 0.6516539863914079, 0.6516539863914079, 0.6516539863914079, 0.6516539863914079, 0.6516539863914079, 0.6516539863914079, 0.6516539863914079, 0.6516539863914079, 0.6516539863914079, 0.6516539863914079, 0.6516539863914079, 0.6516539863914079, 0.6516539863914079, 0.6516539863914079, 0.6516539863914079, 0.6516539863914079, 0.6516539863914079, 0.6516539863914079, 0.6516539863914079, 0.6516539863914079, 0.6516539863914079, 0.6516539863914079, 0.6516539863914079, 0.6516539863914079, 0.6516539863914079, 0.6516539863914079, 0.6516539863914079, 0.6516539863914079, 0.6516539863914079, 0.6516539863914079, 0.6516539863914079, 0.6516539863914079, 0.6516539863914079, 0.6516539863914079, 0.6516539863914079, 0.6516539863914079, 0.6516539863914079, 0.6516539863914079, 0.6516539863914079, 0.6516539863914079, 0.6516539863914079, 0.6516539863914079, 0.6516539863914079, 0.6516539863914079]"
10,0.665709354,0.665709354,7.653141022,0,"['ILINEY', 'ILINEY', 'ILINEY', 'ILINEY', 'ILINEY']","[0.6510645764599444, 0.6338301632771487, 0.643738939524921, 0.6428766005791411, 0.6421495250116052, 0.6423686417870744, 0.642198297066213, 0.6532108523242026, 0.6522479411877162, 0.6493411141797955, 0.6479672684262932, 0.6458398912254354, 0.6458398912254354, 0.6458398912254354, 0.6458398912254354, 0.6458398912254354, 0.6458398912254354, 0.6657093544780622, 0.6645816853723878, 0.6633306089051783, 0.6610406374832193, 0.6593577743526216, 0.6574458040660668, 0.6574458040660668, 0.6574458040660668, 0.6574458040660668, 0.6574458040660668, 0.6574458040660668, 0.6574458040660668, 0.6574458040660668, 0.6574458040660668, 0.6574458040660668, 0.6574458040660668, 0.6574458040660668, 0.6574458040660668, 0.6574458040660668, 0.6574458040660668, 0.6574458040660668, 0.6574458040660668, 0.6574458040660668, 0.6574458040660668, 0.6574458040660668, 0.6574458040660668, 0.6574458040660668, 0.6574458040660668, 0.6574458040660668, 0.6574458040660668, 0.6574458040660668, 0.6574458040660668, 0.6574458040660668, 0.6574458040660668, 0.6574458040660668, 0.6574458040660668, 0.6574458040660668, 0.6574458040660668, 0.6574458040660668, 0.6574458040660668, 0.6574458040660668, 0.6574458040660668, 0.6574458040660668, 0.6574458040660668, 0.6574458040660668, 0.6574458040660668, 0.6574458040660668, 0.6574458040660668, 0.6574458040660668, 0.6574458040660668, 0.6574458040660668, 0.6574458040660668, 0.6574458040660668, 0.6574458040660668, 0.6574458040660668, 0.6574458040660668, 0.6574458040660668, 0.6574458040660668, 0.6574458040660668, 0.6574458040660668, 0.6574458040660668, 0.6574458040660668, 0.6574458040660668, 0.6574458040660668, 0.6574458040660668, 0.6574458040660668, 0.6574458040660668, 0.6574458040660668, 0.6574458040660668, 0.6574458040660668, 0.6574458040660668, 0.6574458040660668, 0.6574458040660668, 0.6574458040660668, 0.6574458040660668, 0.6574458040660668, 0.6574458040660668, 0.6574458040660668, 0.6574458040660668, 0.6574458040660668, 0.6574458040660668, 0.6574458040660668, 0.6574458040660668]"
11,0.648606509,0.648606509,7.62665987,0,"['YUHNAS', 'YUHNAS', 'YUHNAS', 'YUHNAS', 'YUHNAS']","[0.5831267652629317, 0.6305952896739531, 0.6262876627283297, 0.6238253444071882, 0.6348049169078721, 0.6333864463083436, 0.63283112445525, 0.6324293600839631, 0.6369790268806765, 0.635891080959496, 0.6350033120373455, 0.6345660336883956, 0.6345660336883956, 0.6345660336883956, 0.6345660336883956, 0.6345660336883956, 0.6345660336883956, 0.6345660336883956, 0.6345660336883956, 0.6345660336883956, 0.6345660336883956, 0.6345660336883956, 0.6345660336883956, 0.6345660336883956, 0.6345660336883956, 0.6345660336883956, 0.6486065088150752, 0.6482363555454733, 0.6478552636654055, 0.6466928329418664, 0.6454223471695651, 0.6440280053833315, 0.6440280053833315, 0.6440280053833315, 0.6440280053833315, 0.6440280053833315, 0.6440280053833315, 0.6440280053833315, 0.6440280053833315, 0.6440280053833315, 0.6440280053833315, 0.6440280053833315, 0.6440280053833315, 0.6440280053833315, 0.6440280053833315, 0.6440280053833315, 0.6440280053833315, 0.6440280053833315, 0.6440280053833315, 0.6440280053833315, 0.6440280053833315, 0.6440280053833315, 0.6440280053833315, 0.6440280053833315, 0.6440280053833315, 0.6440280053833315, 0.6440280053833315, 0.6440280053833315, 0.6440280053833315, 0.6440280053833315, 0.6440280053833315, 0.6440280053833315, 0.6440280053833315, 0.6440280053833315, 0.6440280053833315, 0.6440280053833315, 0.6440280053833315, 0.6440280053833315, 0.6440280053833315, 0.6440280053833315, 0.6440280053833315, 0.6440280053833315, 0.6440280053833315, 0.6440280053833315, 0.6440280053833315, 0.6440280053833315, 0.6440280053833315, 0.6440280053833315, 0.6440280053833315, 0.6440280053833315, 0.6440280053833315, 0.6440280053833315, 0.6440280053833315, 0.6440280053833315, 0.6440280053833315, 0.6440280053833315, 0.6440280053833315, 0.6440280053833315, 0.6440280053833315, 0.6440280053833315, 0.6440280053833315, 0.6440280053833315, 0.6440280053833315, 0.6440280053833315, 0.6440280053833315, 0.6440280053833315, 0.6440280053833315, 0.6440280053833315, 0.6440280053833315, 0.6440280053833315]"
12,0.65631051,0.65631051,7.632416964,0,"['ILINEY', 'ILINEY', 'ILINEY', 'ILINEY', 'ILINEY']","[0.61783046862874, 0.6439928351235422, 0.6359452378388557, 0.6444809543542799, 0.641555969079846, 0.640048858710208, 0.6397704780488848, 0.6394867288239402, 0.6394867288239402, 0.6394867288239402, 0.6563105100582182, 0.6557515451211932, 0.655168884658555, 0.6545609892982261, 0.6539053485026405, 0.653240850412205, 0.653240850412205, 0.653240850412205, 0.653240850412205, 0.653240850412205, 0.653240850412205, 0.653240850412205, 0.653240850412205, 0.653240850412205, 0.653240850412205, 0.653240850412205, 0.653240850412205, 0.653240850412205, 0.653240850412205, 0.653240850412205, 0.653240850412205, 0.653240850412205, 0.653240850412205, 0.653240850412205, 0.653240850412205, 0.653240850412205, 0.653240850412205, 0.653240850412205, 0.653240850412205, 0.653240850412205, 0.653240850412205, 0.653240850412205, 0.653240850412205, 0.653240850412205, 0.653240850412205, 0.653240850412205, 0.653240850412205, 0.653240850412205, 0.653240850412205, 0.653240850412205, 0.653240850412205, 0.653240850412205, 0.653240850412205, 0.653240850412205, 0.653240850412205, 0.653240850412205, 0.653240850412205, 0.653240850412205, 0.653240850412205, 0.653240850412205, 0.653240850412205, 0.653240850412205, 0.653240850412205, 0.653240850412205, 0.653240850412205, 0.653240850412205, 0.653240850412205, 0.653240850412205, 0.653240850412205, 0.653240850412205, 0.653240850412205, 0.653240850412205, 0.653240850412205, 0.653240850412205, 0.653240850412205, 0.653240850412205, 0.653240850412205, 0.653240850412205, 0.653240850412205, 0.653240850412205, 0.653240850412205, 0.653240850412205, 0.653240850412205, 0.653240850412205, 0.653240850412205, 0.653240850412205, 0.653240850412205, 0.653240850412205, 0.653240850412205, 0.653240850412205, 0.653240850412205, 0.653240850412205, 0.653240850412205, 0.653240850412205, 0.653240850412205, 0.653240850412205, 0.653240850412205, 0.653240850412205, 0.653240850412205, 0.653240850412205]"
13,0.649255811,0.649255811,7.600845814,0,"['IVAFUG', 'IVAFUG', 'IVAFUG', 'IVAFUG', 'IVAFUG']","[0.6119286616168318, 0.6376397301356939, 0.6469789361937002, 0.6454033045462901, 0.645278592312009, 0.6445292403436661, 0.6431871819584348, 0.6431871819584348, 0.6431871819584348, 0.6431871819584348, 0.6431871819584348, 0.6431871819584348, 0.6431871819584348, 0.6431871819584348, 0.6431871819584348, 0.6478569957085475, 0.6465687347410957, 0.6463662155644369, 0.6461608649228169, 0.6459526230172066, 0.6459526230172066, 0.6459526230172066, 0.6459526230172066, 0.6477961927638477, 0.6492558107353822, 0.6492558107353822, 0.6492558107353822, 0.6490889878269077, 0.6477832886514227, 0.6477832886514227, 0.6477832886514227, 0.6477832886514227, 0.6477832886514227, 0.6477832886514227, 0.6477832886514227, 0.6477832886514227, 0.6477832886514227, 0.6477832886514227, 0.6477832886514227, 0.6477832886514227, 0.6477832886514227, 0.6477832886514227, 0.6477832886514227, 0.6477832886514227, 0.6477832886514227, 0.6477832886514227, 0.6477832886514227, 0.6477832886514227, 0.6477832886514227, 0.6477832886514227, 0.6477832886514227, 0.6477832886514227, 0.6477832886514227, 0.6477832886514227, 0.6477832886514227, 0.6477832886514227, 0.6477832886514227, 0.6477832886514227, 0.6477832886514227, 0.6477832886514227, 0.6477832886514227, 0.6477832886514227, 0.6477832886514227, 0.6477832886514227, 0.6477832886514227, 0.6477832886514227, 0.6477832886514227, 0.6477832886514227, 0.6477832886514227, 0.6477832886514227, 0.6477832886514227, 0.6477832886514227, 0.6477832886514227, 0.6477832886514227, 0.6477832886514227, 0.6477832886514227, 0.6477832886514227, 0.6477832886514227, 0.6477832886514227, 0.6477832886514227, 0.6477832886514227, 0.6477832886514227, 0.6477832886514227, 0.6477832886514227, 0.6477832886514227, 0.6477832886514227, 0.6477832886514227, 0.6477832886514227, 0.6477832886514227, 0.6477832886514227, 0.6477832886514227, 0.6477832886514227, 0.6477832886514227, 0.6477832886514227, 0.6477832886514227, 0.6477832886514227, 0.6477832886514227, 0.6477832886514227, 0.6477832886514227, 0.6477832886514227]"
14,0.651152396,0.651152396,7.601633072,0.069525912,"['IVAFUG', 'ILINEY', 'IVAFUG', 'IVAFUG', 'ILINEY']","[0.48246674571660664, 0.6331866504369515, 0.6400321523988862, 0.6386274401623053, 0.6383310563036442, 0.6511523957030285, 0.64969320075458, 0.6491449329667072, 0.6485734240086165, 0.6467862692330927, 0.6497149807893153, 0.649144778272497, 0.6485498645886754, 0.6485498645886754, 0.6485498645886754, 0.6485498645886754, 0.6485498645886754, 0.6485498645886754, 0.6485498645886754, 0.6485498645886754, 0.6485498645886754, 0.6485498645886754, 0.6485498645886754, 0.6485498645886754, 0.6485498645886754, 0.6485498645886754, 0.6485498645886754, 0.6485498645886754, 0.6485498645886754, 0.6485498645886754, 0.6485498645886754, 0.6485498645886754, 0.6485498645886754, 0.6485498645886754, 0.6485498645886754, 0.6485498645886754, 0.6485498645886754, 0.6485498645886754, 0.6485498645886754, 0.6485498645886754, 0.6485498645886754, 0.6485498645886754, 0.6485498645886754, 0.6485498645886754, 0.6485498645886754, 0.6485498645886754, 0.6485498645886754, 0.6485498645886754, 0.6485498645886754, 0.6485498645886754, 0.6485498645886754, 0.6485498645886754, 0.6485498645886754, 0.6485498645886754, 0.6485498645886754, 0.6485498645886754, 0.6485498645886754, 0.6485498645886754, 0.6485498645886754, 0.6485498645886754, 0.6485498645886754, 0.6485498645886754, 0.6485498645886754, 0.6485498645886754, 0.6485498645886754, 0.6485498645886754, 0.6485498645886754, 0.6485498645886754, 0.6485498645886754, 0.6485498645886754, 0.6485498645886754, 0.6485498645886754, 0.6485498645886754, 0.6485498645886754, 0.6485498645886754, 0.6485498645886754, 0.6485498645886754, 0.6485498645886754, 0.6485498645886754, 0.6485498645886754, 0.6485498645886754, 0.6485498645886754, 0.6485498645886754, 0.6485498645886754, 0.6485498645886754, 0.6485498645886754, 0.6485498645886754, 0.6485498645886754, 0.6485498645886754, 0.6485498645886754, 0.6485498645886754, 0.6485498645886754, 0.6485498645886754, 0.6485498645886754, 0.6485498645886754, 0.6485498645886754, 0.6485498645886754, 0.6485498645886754, 0.6485498645886754, 0.6485498645886754]"
15,0.659313183,0.659313183,7.607077837,0.140073047,"['ILINEY', 'ILINEY', 'ILINEY', 'IVAFUG', 'ILINEY']","[0.591818745013204, 0.65150349361607, 0.6463335620335104, 0.6491097094310211, 0.6593131833826438, 0.6571600698820096, 0.655769949002038, 0.6553501530736627, 0.654917342163032, 0.6532706303321208, 0.6532706303321208, 0.6532706303321208, 0.6532706303321208, 0.6532706303321208, 0.6532706303321208, 0.6532706303321208, 0.6532706303321208, 0.6532706303321208, 0.6532706303321208, 0.6532706303321208, 0.6532706303321208, 0.6532706303321208, 0.6532706303321208, 0.6532706303321208, 0.6532706303321208, 0.6532706303321208, 0.6532706303321208, 0.6532706303321208, 0.6532706303321208, 0.6532706303321208, 0.6532706303321208, 0.6532706303321208, 0.6532706303321208, 0.6532706303321208, 0.6532706303321208, 0.6532706303321208, 0.6532706303321208, 0.6532706303321208, 0.6532706303321208, 0.6532706303321208, 0.6532706303321208, 0.6532706303321208, 0.6532706303321208, 0.6532706303321208, 0.6532706303321208, 0.6532706303321208, 0.6532706303321208, 0.6532706303321208, 0.6532706303321208, 0.6532706303321208, 0.6532706303321208, 0.6532706303321208, 0.6532706303321208, 0.6532706303321208, 0.6532706303321208, 0.6532706303321208, 0.6532706303321208, 0.6532706303321208, 0.6532706303321208, 0.6532706303321208, 0.6532706303321208, 0.6532706303321208, 0.6532706303321208, 0.6532706303321208, 0.6532706303321208, 0.6532706303321208, 0.6532706303321208, 0.6555505951354469, 0.6552342041548043, 0.6552342041548043, 0.6552342041548043, 0.6552342041548043, 0.6552342041548043, 0.6552342041548043, 0.6552342041548043, 0.6552342041548043, 0.6552342041548043, 0.6552342041548043, 0.6552342041548043, 0.6552342041548043, 0.6552342041548043, 0.6552342041548043, 0.6552342041548043, 0.6552342041548043, 0.6552342041548043, 0.6552342041548043, 0.6552342041548043, 0.6552342041548043, 0.6552342041548043, 0.6552342041548043, 0.6552342041548043, 0.6552342041548043, 0.6552342041548043, 0.6552342041548043, 0.6552342041548043, 0.6552342041548043, 0.6552342041548043, 0.6552342041548043, 0.6552342041548043, 0.6552342041548043]"
16,0.657011215,0.657011215,7.59856987,0,"['ILINEY', 'ILINEY', 'ILINEY', 'ILINEY', 'ILINEY']","[0.6443954204155893, 0.6269315357415164, 0.6252364193571915, 0.6260534844511647, 0.6392335485734717, 0.6388591220763028, 0.640519910367574, 0.6348961613785554, 0.6499770335641363, 0.6493016475233132, 0.6485896156347799, 0.6481710999497898, 0.6479756118074235, 0.6479756118074235, 0.6570112154647628, 0.6557725838435846, 0.6551008865834712, 0.6555362057694862, 0.6548522097900713, 0.6547534643402698, 0.6547534643402698, 0.6547534643402698, 0.6547534643402698, 0.6547534643402698, 0.6547534643402698, 0.6547534643402698, 0.6547534643402698, 0.6547534643402698, 0.6547534643402698, 0.6547534643402698, 0.6547534643402698, 0.6547534643402698, 0.6547534643402698, 0.6547534643402698, 0.6547534643402698, 0.6547534643402698, 0.6547534643402698, 0.6547534643402698, 0.6547534643402698, 0.6547534643402698, 0.6547534643402698, 0.6547534643402698, 0.6547534643402698, 0.6547534643402698, 0.6547534643402698, 0.6547534643402698, 0.6547534643402698, 0.6547534643402698, 0.6547534643402698, 0.6547534643402698, 0.6547534643402698, 0.6547534643402698, 0.6547534643402698, 0.6547534643402698, 0.6547534643402698, 0.6547534643402698, 0.6547534643402698, 0.6547534643402698, 0.6547534643402698, 0.6547534643402698, 0.6547534643402698, 0.6547534643402698, 0.6547534643402698, 0.6547534643402698, 0.6547534643402698, 0.6547534643402698, 0.6547534643402698, 0.6547534643402698, 0.6547534643402698, 0.6547534643402698, 0.6547534643402698, 0.6547534643402698, 0.6547534643402698, 0.6547534643402698, 0.6547534643402698, 0.6547534643402698, 0.6547534643402698, 0.6547534643402698, 0.6547534643402698, 0.6547534643402698, 0.6547534643402698, 0.6547534643402698, 0.6547534643402698, 0.6547534643402698, 0.6547534643402698, 0.6547534643402698, 0.6547534643402698, 0.6547534643402698, 0.6547534643402698, 0.6547534643402698, 0.6547534643402698, 0.6547534643402698, 0.6547534643402698, 0.6547534643402698, 0.6547534643402698, 0.6547534643402698, 0.6547534643402698, 0.6547534643402698, 0.6547534643402698, 0.6547534643402698]"
17,0.651098381,0.651098381,7.61119628,0.274468589,"['IVAFUG', 'IVAFUG', 'IVAFUG', 'GUQLOW', 'GUQLOW']","[0.6117490130101878, 0.6198491352640026, 0.642685750386342, 0.6419682142571932, 0.6394487444373006, 0.6367369507683138, 0.635502659553258, 0.6346375345870753, 0.6443857884672797, 0.642797677580861, 0.6412630967779376, 0.6412630967779376, 0.6412630967779376, 0.6412630967779376, 0.6412630967779376, 0.6412630967779376, 0.6412630967779376, 0.6412630967779376, 0.6412630967779376, 0.6412630967779376, 0.6412630967779376, 0.6412630967779376, 0.6412630967779376, 0.6412630967779376, 0.6412630967779376, 0.6412630967779376, 0.6412630967779376, 0.6412630967779376, 0.6412630967779376, 0.6412630967779376, 0.6412630967779376, 0.6412630967779376, 0.6412630967779376, 0.6412630967779376, 0.6412630967779376, 0.6412630967779376, 0.6412630967779376, 0.6412630967779376, 0.6412630967779376, 0.6412630967779376, 0.6412630967779376, 0.6412630967779376, 0.6412630967779376, 0.6412630967779376, 0.6412630967779376, 0.6412630967779376, 0.6412630967779376, 0.6510983812557917, 0.650159227052935, 0.649130501401805, 0.6466339911789047, 0.6452306400627388, 0.643873388285523, 0.643873388285523, 0.643873388285523, 0.643873388285523, 0.643873388285523, 0.643873388285523, 0.643873388285523, 0.643873388285523, 0.643873388285523, 0.643873388285523, 0.643873388285523, 0.643873388285523, 0.643873388285523, 0.643873388285523, 0.643873388285523, 0.643873388285523, 0.643873388285523, 0.643873388285523, 0.643873388285523, 0.643873388285523, 0.643873388285523, 0.643873388285523, 0.643873388285523, 0.643873388285523, 0.643873388285523, 0.643873388285523, 0.643873388285523, 0.6487154948990943, 0.6473368186233724, 0.6463718430626333, 0.6463718430626333, 0.6463718430626333, 0.6463718430626333, 0.6463718430626333, 0.6463718430626333, 0.6463718430626333, 0.6463718430626333, 0.6463718430626333, 0.6463718430626333, 0.6463718430626333, 0.6463718430626333, 0.6463718430626333, 0.6463718430626333, 0.6463718430626333, 0.6463718430626333, 0.6463718430626333, 0.6463718430626333, 0.6463718430626333]"
18,0.654381858,0.654381858,7.617144823,0.058009338,"['YUHNAS', 'IVAFUG', 'YUHNAS', 'IVAFUG', 'IVAFUG']","[0.6242183518265716, 0.6423041006203959, 0.6543818575793573, 0.6518073218883796, 0.6531455284369007, 0.6501855110273614, 0.6495022525829302, 0.648974379385264, 0.648974379385264, 0.648974379385264, 0.648974379385264, 0.648974379385264, 0.648974379385264, 0.648974379385264, 0.648974379385264, 0.648974379385264, 0.648974379385264, 0.648974379385264, 0.648974379385264, 0.648974379385264, 0.648974379385264, 0.648974379385264, 0.648974379385264, 0.648974379385264, 0.648974379385264, 0.648974379385264, 0.648974379385264, 0.648974379385264, 0.648974379385264, 0.648974379385264, 0.648974379385264, 0.648974379385264, 0.648974379385264, 0.648974379385264, 0.648974379385264, 0.648974379385264, 0.648974379385264, 0.648974379385264, 0.648974379385264, 0.648974379385264, 0.648974379385264, 0.648974379385264, 0.648974379385264, 0.648974379385264, 0.648974379385264, 0.648974379385264, 0.648974379385264, 0.648974379385264, 0.648974379385264, 0.648974379385264, 0.648974379385264, 0.648974379385264, 0.648974379385264, 0.648974379385264, 0.648974379385264, 0.648974379385264, 0.648974379385264, 0.648974379385264, 0.648974379385264, 0.648974379385264, 0.648974379385264, 0.648974379385264, 0.648974379385264, 0.648974379385264, 0.648974379385264, 0.648974379385264, 0.648974379385264, 0.648974379385264, 0.648974379385264, 0.648974379385264, 0.648974379385264, 0.648974379385264, 0.648974379385264, 0.648974379385264, 0.648974379385264, 0.648974379385264, 0.648974379385264, 0.648974379385264, 0.648974379385264, 0.648974379385264, 0.648974379385264, 0.648974379385264, 0.648974379385264, 0.648974379385264, 0.648974379385264, 0.648974379385264, 0.648974379385264, 0.648974379385264, 0.648974379385264, 0.648974379385264, 0.648974379385264, 0.648974379385264, 0.648974379385264, 0.648974379385264, 0.648974379385264, 0.648974379385264, 0.648974379385264, 0.648974379385264, 0.648974379385264, 0.648974379385264]"
19,0.650973984,0.650973984,7.611832142,0,"['IVAFUG', 'IVAFUG', 'IVAFUG', 'IVAFUG', 'IVAFUG']","[0.5106543468805715, 0.6472612275664194, 0.6453179230353153, 0.6423940019042405, 0.6427546142513871, 0.6395781536650909, 0.6395781536650909, 0.6395781536650909, 0.6395781536650909, 0.6395781536650909, 0.6395781536650909, 0.6395781536650909, 0.6395781536650909, 0.6395781536650909, 0.6395781536650909, 0.6395781536650909, 0.6395781536650909, 0.6395781536650909, 0.6395781536650909, 0.6395781536650909, 0.6395781536650909, 0.6395781536650909, 0.6395781536650909, 0.6395781536650909, 0.6395781536650909, 0.6395781536650909, 0.6395781536650909, 0.6395781536650909, 0.6395781536650909, 0.6395781536650909, 0.6395781536650909, 0.6395781536650909, 0.6395781536650909, 0.6395781536650909, 0.6395781536650909, 0.6395781536650909, 0.6395781536650909, 0.6395781536650909, 0.6395781536650909, 0.6395781536650909, 0.6395781536650909, 0.6395781536650909, 0.6395781536650909, 0.6395781536650909, 0.6395781536650909, 0.650973983529601, 0.6499296071068835, 0.6492050973583452, 0.6484396259521271, 0.6476296180548249, 0.6462836643620559, 0.6462836643620559, 0.6462836643620559, 0.6462836643620559, 0.6462836643620559, 0.6462836643620559, 0.6462836643620559, 0.6462836643620559, 0.6462836643620559, 0.6462836643620559, 0.6462836643620559, 0.6462836643620559, 0.6462836643620559, 0.6462836643620559, 0.6462836643620559, 0.6462836643620559, 0.6462836643620559, 0.6462836643620559, 0.6462836643620559, 0.6462836643620559, 0.6462836643620559, 0.6462836643620559, 0.6462836643620559, 0.6462836643620559, 0.6462836643620559, 0.6462836643620559, 0.6462836643620559, 0.6462836643620559, 0.6462836643620559, 0.6462836643620559, 0.6462836643620559, 0.6462836643620559, 0.6462836643620559, 0.6462836643620559, 0.6462836643620559, 0.6462836643620559, 0.6462836643620559, 0.6462836643620559, 0.6462836643620559, 0.6462836643620559, 0.6462836643620559, 0.6462836643620559, 0.6462836643620559, 0.6462836643620559, 0.6462836643620559, 0.6462836643620559, 0.6462836643620559, 0.6462836643620559, 0.6462836643620559, 0.6462836643620559]"
20,0.67406459,0.67406459,7.62163806,0.107951866,"['YUHNAS', 'YUHNAS', 'YUHNAS', 'YUHNAS', 'GUQLOW']","[0.6740645903800436, 0.6570288103662226, 0.6527947601047447, 0.6523645849738641, 0.6488808343215743, 0.6497772407998437, 0.6487285205541237, 0.6487285205541237, 0.6487285205541237, 0.6487285205541237, 0.6487285205541237, 0.6487285205541237, 0.6487285205541237, 0.6487285205541237, 0.6487285205541237, 0.6487285205541237, 0.6487285205541237, 0.6487285205541237, 0.6487285205541237, 0.6487285205541237, 0.6487285205541237, 0.6487285205541237, 0.6487285205541237, 0.6487285205541237, 0.6487285205541237, 0.6487285205541237, 0.6487285205541237, 0.6487285205541237, 0.6487285205541237, 0.6487285205541237, 0.6487285205541237, 0.6487285205541237, 0.6487285205541237, 0.6487285205541237, 0.6487285205541237, 0.6487285205541237, 0.6487285205541237, 0.6487285205541237, 0.6487285205541237, 0.6487285205541237, 0.6487285205541237, 0.6487285205541237, 0.6487285205541237, 0.6487285205541237, 0.6487285205541237, 0.6487285205541237, 0.6487285205541237, 0.6487285205541237, 0.6487285205541237, 0.6487285205541237, 0.6487285205541237, 0.6487285205541237, 0.6487285205541237, 0.6487285205541237, 0.6487285205541237, 0.6487285205541237, 0.6487285205541237, 0.6487285205541237, 0.6487285205541237, 0.6487285205541237, 0.6487285205541237, 0.6487285205541237, 0.6487285205541237, 0.6487285205541237, 0.6487285205541237, 0.6487285205541237, 0.6487285205541237, 0.6487285205541237, 0.6487285205541237, 0.6487285205541237, 0.6487285205541237, 0.6487285205541237, 0.6487285205541237, 0.6487285205541237, 0.6487285205541237, 0.6487285205541237, 0.6487285205541237, 0.6487285205541237, 0.6487285205541237, 0.6487285205541237, 0.6487285205541237, 0.6487285205541237, 0.6487285205541237, 0.6487285205541237, 0.6487285205541237, 0.6487285205541237, 0.6487285205541237, 0.6487285205541237, 0.6487285205541237, 0.6487285205541237, 0.6487285205541237, 0.6487285205541237, 0.6487285205541237, 0.6487285205541237, 0.6487285205541237, 0.6487285205541237, 0.6487285205541237, 0.6487285205541237, 0.6487285205541237, 0.6487285205541237]"
21,0.663399459,0.663399459,7.612393141,0,"['ILINEY', 'ILINEY', 'ILINEY', 'ILINEY', 'ILINEY']","[0.587798462381428, 0.6403209589206161, 0.6370229436906429, 0.6633994594619631, 0.6595225115559172, 0.659389428027827, 0.6585559006423944, 0.6568768071358592, 0.6549697465196123, 0.6549697465196123, 0.6549697465196123, 0.6549697465196123, 0.6549697465196123, 0.6549697465196123, 0.6549697465196123, 0.6549697465196123, 0.6552507490184944, 0.6552507490184944, 0.6552507490184944, 0.6552507490184944, 0.6552507490184944, 0.6552507490184944, 0.6552507490184944, 0.6552507490184944, 0.6552507490184944, 0.6552507490184944, 0.6552507490184944, 0.6552507490184944, 0.6552507490184944, 0.6552507490184944, 0.6552507490184944, 0.6552507490184944, 0.6552507490184944, 0.6552507490184944, 0.6552507490184944, 0.6552507490184944, 0.6552507490184944, 0.6552507490184944, 0.6552507490184944, 0.6552507490184944, 0.6552507490184944, 0.6552507490184944, 0.6552507490184944, 0.6552507490184944, 0.6552507490184944, 0.6552507490184944, 0.6552507490184944, 0.6552507490184944, 0.6552507490184944, 0.6552507490184944, 0.6552507490184944, 0.6552507490184944, 0.6552507490184944, 0.6552507490184944, 0.6552507490184944, 0.6552507490184944, 0.6552507490184944, 0.6552507490184944, 0.6552507490184944, 0.6552507490184944, 0.6552507490184944, 0.6552507490184944, 0.6552507490184944, 0.6552507490184944, 0.6552507490184944, 0.6552507490184944, 0.6552507490184944, 0.6552507490184944, 0.6552507490184944, 0.6552507490184944, 0.6552507490184944, 0.6552507490184944, 0.6552507490184944, 0.6552507490184944, 0.6552507490184944, 0.6552507490184944, 0.6552507490184944, 0.6552507490184944, 0.6552507490184944, 0.6552507490184944, 0.6552507490184944, 0.6552507490184944, 0.6552507490184944, 0.6552507490184944, 0.6552507490184944, 0.6552507490184944, 0.6552507490184944, 0.6552507490184944, 0.6552507490184944, 0.6552507490184944, 0.6552507490184944, 0.6552507490184944, 0.6552507490184944, 0.6552507490184944, 0.6552507490184944, 0.6552507490184944, 0.6552507490184944, 0.6552507490184944, 0.6552507490184944, 0.6552507490184944]"
22,0.6623823,0.6623823,7.60737896,0.17176477,"['ILINEY', 'IVAFUG', 'GUQLOW', 'GUQLOW', 'IVAFUG']","[0.662382299526977, 0.6462170104757934, 0.6433395246319132, 0.651557829597024, 0.6478855544184211, 0.6472971061946019, 0.6466829092516837, 0.6460412357579066, 0.6460412357579066, 0.6460412357579066, 0.6460412357579066, 0.6460412357579066, 0.6460412357579066, 0.6460412357579066, 0.6460412357579066, 0.6460412357579066, 0.6460412357579066, 0.6460412357579066, 0.6460412357579066, 0.6460412357579066, 0.6460412357579066, 0.6460412357579066, 0.6460412357579066, 0.6460412357579066, 0.6460412357579066, 0.6460412357579066, 0.6496851500839665, 0.6487288630299716, 0.648530263629841, 0.648530263629841, 0.648530263629841, 0.648530263629841, 0.648530263629841, 0.648530263629841, 0.648530263629841, 0.648530263629841, 0.648530263629841, 0.648530263629841, 0.648530263629841, 0.648530263629841, 0.648530263629841, 0.648530263629841, 0.648530263629841, 0.648530263629841, 0.648530263629841, 0.648530263629841, 0.648530263629841, 0.648530263629841, 0.648530263629841, 0.648530263629841, 0.648530263629841, 0.648530263629841, 0.648530263629841, 0.648530263629841, 0.648530263629841, 0.648530263629841, 0.648530263629841, 0.648530263629841, 0.648530263629841, 0.648530263629841, 0.648530263629841, 0.648530263629841, 0.648530263629841, 0.648530263629841, 0.648530263629841, 0.648530263629841, 0.648530263629841, 0.648530263629841, 0.648530263629841, 0.648530263629841, 0.648530263629841, 0.648530263629841, 0.648530263629841, 0.648530263629841, 0.648530263629841, 0.648530263629841, 0.648530263629841, 0.648530263629841, 0.648530263629841, 0.648530263629841, 0.648530263629841, 0.648530263629841, 0.648530263629841, 0.648530263629841, 0.648530263629841, 0.648530263629841, 0.648530263629841, 0.648530263629841, 0.648530263629841, 0.648530263629841, 0.648530263629841, 0.648530263629841, 0.648530263629841, 0.648530263629841, 0.648530263629841, 0.648530263629841, 0.648530263629841, 0.648530263629841, 0.648530263629841, 0.648530263629841]"
23,0.656759313,0.656759313,7.597744942,0.209340107,"['ILINEY', 'IVAFUG', 'ILINEY', 'IVAFUG', 'GUQLOW']","[0.6447083222436324, 0.6387950085723246, 0.6567593125858442, 0.6518757223222941, 0.6508113812792478, 0.652146928995112, 0.6514847910548259, 0.650457813342297, 0.650457813342297, 0.650457813342297, 0.650457813342297, 0.650457813342297, 0.650457813342297, 0.650457813342297, 0.650457813342297, 0.650457813342297, 0.650457813342297, 0.650457813342297, 0.650457813342297, 0.650457813342297, 0.650457813342297, 0.650457813342297, 0.650457813342297, 0.650457813342297, 0.650457813342297, 0.650457813342297, 0.650457813342297, 0.650457813342297, 0.650457813342297, 0.650457813342297, 0.650457813342297, 0.650457813342297, 0.650457813342297, 0.6510287587253952, 0.6507112230460536, 0.6507112230460536, 0.6507112230460536, 0.6507112230460536, 0.6507112230460536, 0.6507112230460536, 0.6507112230460536, 0.6507112230460536, 0.6507112230460536, 0.6507112230460536, 0.6507112230460536, 0.6507112230460536, 0.6507112230460536, 0.6507112230460536, 0.6507112230460536, 0.6507112230460536, 0.6507112230460536, 0.6507112230460536, 0.6507112230460536, 0.6507112230460536, 0.6507112230460536, 0.6507112230460536, 0.6507112230460536, 0.6507112230460536, 0.6507112230460536, 0.6507112230460536, 0.6507112230460536, 0.6507112230460536, 0.6507112230460536, 0.6507112230460536, 0.6507112230460536, 0.6507112230460536, 0.6507112230460536, 0.6507112230460536, 0.6507112230460536, 0.6507112230460536, 0.6507112230460536, 0.6507112230460536, 0.6507112230460536, 0.6507112230460536, 0.6507112230460536, 0.6507112230460536, 0.6507112230460536, 0.6507112230460536, 0.6507112230460536, 0.6507112230460536, 0.6507112230460536, 0.6507112230460536, 0.6507112230460536, 0.6507112230460536, 0.6507112230460536, 0.6507112230460536, 0.6507112230460536, 0.6507112230460536, 0.6507112230460536, 0.6507112230460536, 0.6507112230460536, 0.6507112230460536, 0.6507112230460536, 0.6507112230460536, 0.6507112230460536, 0.6507112230460536, 0.6507112230460536, 0.6507112230460536, 0.6507112230460536, 0.6507112230460536]"
24,0.660758009,0.660758009,7.605936766,0,"['ILINEY', 'ILINEY', 'ILINEY', 'ILINEY', 'ILINEY']","[0.5675633477334693, 0.6006093990059758, 0.6288415885280493, 0.6252217302102824, 0.6489341200027334, 0.6467243666497358, 0.6447091328514708, 0.6424961037990611, 0.6400921524092384, 0.6406564491204343, 0.6400921524092384, 0.6400921524092384, 0.6607580087734433, 0.6595196264478146, 0.659782845444827, 0.6591078606659109, 0.6573353711972197, 0.6553056303157859, 0.6553056303157859, 0.6553056303157859, 0.6553056303157859, 0.6553056303157859, 0.6553056303157859, 0.6553056303157859, 0.6553056303157859, 0.6553056303157859, 0.6553056303157859, 0.6553056303157859, 0.6553056303157859, 0.6553056303157859, 0.6553056303157859, 0.6553056303157859, 0.6553056303157859, 0.6553056303157859, 0.6553056303157859, 0.6553056303157859, 0.6553056303157859, 0.6553056303157859, 0.6553056303157859, 0.6553056303157859, 0.6553056303157859, 0.6553056303157859, 0.6553056303157859, 0.6553056303157859, 0.6553056303157859, 0.6553056303157859, 0.6553056303157859, 0.6553056303157859, 0.6553056303157859, 0.6553056303157859, 0.6553056303157859, 0.6553056303157859, 0.6553056303157859, 0.6553056303157859, 0.6553056303157859, 0.6553056303157859, 0.6553056303157859, 0.6553056303157859, 0.6553056303157859, 0.6553056303157859, 0.6553056303157859, 0.6553056303157859, 0.6553056303157859, 0.6553056303157859, 0.6553056303157859, 0.6553056303157859, 0.6553056303157859, 0.6553056303157859, 0.6553056303157859, 0.6553056303157859, 0.6553056303157859, 0.6553056303157859, 0.6553056303157859, 0.6553056303157859, 0.6553056303157859, 0.6553056303157859, 0.6553056303157859, 0.6553056303157859, 0.6553056303157859, 0.6553056303157859, 0.6553056303157859, 0.6553056303157859, 0.6553056303157859, 0.6553056303157859, 0.6553056303157859, 0.6553056303157859, 0.6553056303157859, 0.6553056303157859, 0.6553056303157859, 0.6553056303157859, 0.6553056303157859, 0.6553056303157859, 0.6553056303157859, 0.6553056303157859, 0.6553056303157859, 0.6553056303157859, 0.6553056303157859, 0.6553056303157859, 0.6553056303157859, 0.6553056303157859]"
25,0.657650587,0.657650587,7.616594076,0,"['ILINEY', 'ILINEY', 'ILINEY', 'ILINEY', 'ILINEY']","[0.6130645173084337, 0.6052156094669672, 0.6154453224805019, 0.6140983763130134, 0.6449249046632033, 0.6433533977607995, 0.6419272128211605, 0.6400747148234058, 0.6396397178491336, 0.6501070841243038, 0.6576505871087801, 0.6567371936215176, 0.6557539923792248, 0.6547412292731177, 0.6536486449471353, 0.6524664155680125, 0.6524664155680125, 0.6524664155680125, 0.655790642906293, 0.6560058900798313, 0.6560058900798313, 0.6560058900798313, 0.655790642906293, 0.655790642906293, 0.655790642906293, 0.655790642906293, 0.655790642906293, 0.655790642906293, 0.655790642906293, 0.655790642906293, 0.655790642906293, 0.655790642906293, 0.655790642906293, 0.655790642906293, 0.655790642906293, 0.655790642906293, 0.655790642906293, 0.655790642906293, 0.655790642906293, 0.655790642906293, 0.655790642906293, 0.655790642906293, 0.655790642906293, 0.655790642906293, 0.655790642906293, 0.655790642906293, 0.655790642906293, 0.655790642906293, 0.655790642906293, 0.655790642906293, 0.655790642906293, 0.655790642906293, 0.655790642906293, 0.655790642906293, 0.655790642906293, 0.655790642906293, 0.655790642906293, 0.655790642906293, 0.655790642906293, 0.655790642906293, 0.655790642906293, 0.655790642906293, 0.655790642906293, 0.655790642906293, 0.655790642906293, 0.655790642906293, 0.655790642906293, 0.655790642906293, 0.655790642906293, 0.655790642906293, 0.655790642906293, 0.655790642906293, 0.655790642906293, 0.655790642906293, 0.655790642906293, 0.655790642906293, 0.655790642906293, 0.655790642906293, 0.655790642906293, 0.655790642906293, 0.655790642906293, 0.655790642906293, 0.655790642906293, 0.655790642906293, 0.655790642906293, 0.655790642906293, 0.655790642906293, 0.655790642906293, 0.655790642906293, 0.655790642906293, 0.655790642906293, 0.655790642906293, 0.655790642906293, 0.655790642906293, 0.655790642906293, 0.655790642906293, 0.655790642906293, 0.655790642906293, 0.655790642906293, 0.655790642906293]"
26,0.654061696,0.654061696,7.584886074,0.065969234,"['ILINEY', 'ILINEY', 'ILINEY', 'ILINEY', 'IVAFUG']","[0.6280433846297024, 0.6391894736685382, 0.6521011260606724, 0.6506602794202174, 0.6480111753983117, 0.6463205854279339, 0.6443749221239569, 0.6421117476872046, 0.6421117476872046, 0.6421117476872046, 0.6494183382668512, 0.6486746365970223, 0.6478867813157095, 0.6478867813157095, 0.6478867813157095, 0.6478867813157095, 0.6478867813157095, 0.6478867813157095, 0.6478867813157095, 0.6478867813157095, 0.6478867813157095, 0.6478867813157095, 0.6478867813157095, 0.65406169630022, 0.6532328482842819, 0.6530987326410073, 0.6529633201582988, 0.6520646627154071, 0.6520646627154071, 0.6520646627154071, 0.6520646627154071, 0.6520646627154071, 0.6520646627154071, 0.6520646627154071, 0.6520646627154071, 0.6520646627154071, 0.6520646627154071, 0.6520646627154071, 0.6520646627154071, 0.6520646627154071, 0.6520646627154071, 0.6520646627154071, 0.6520646627154071, 0.6520646627154071, 0.6520646627154071, 0.6520646627154071, 0.6520646627154071, 0.6520646627154071, 0.6520646627154071, 0.6520646627154071, 0.6520646627154071, 0.6520646627154071, 0.6520646627154071, 0.6520646627154071, 0.6520646627154071, 0.6520646627154071, 0.6520646627154071, 0.6520646627154071, 0.6520646627154071, 0.6520646627154071, 0.6520646627154071, 0.6520646627154071, 0.6520646627154071, 0.6520646627154071, 0.6520646627154071, 0.6520646627154071, 0.6520646627154071, 0.6520646627154071, 0.6520646627154071, 0.6520646627154071, 0.6520646627154071, 0.6520646627154071, 0.6520646627154071, 0.6520646627154071, 0.6520646627154071, 0.6520646627154071, 0.6520646627154071, 0.6520646627154071, 0.6520646627154071, 0.6520646627154071, 0.6520646627154071, 0.6520646627154071, 0.6520646627154071, 0.6520646627154071, 0.6520646627154071, 0.6520646627154071, 0.6520646627154071, 0.6520646627154071, 0.6520646627154071, 0.6520646627154071, 0.6520646627154071, 0.6520646627154071, 0.6520646627154071, 0.6520646627154071, 0.6520646627154071, 0.6520646627154071, 0.6520646627154071, 0.6520646627154071, 0.6520646627154071, 0.6520646627154071]"
27,0.655880829,0.655880829,7.608920097,0.233873154,"['YUHNAS', 'YUHNAS', 'YUHNAS', 'YUHNAS', 'ILINEY']","[0.6387690483322087, 0.6222816233090861, 0.6192423018565596, 0.6495418157230756, 0.6482209873719242, 0.646794281833571, 0.6446283937055753, 0.6426593456762112, 0.6395831197581016, 0.6396448445733305, 0.6396448445733305, 0.6396448445733305, 0.6396448445733305, 0.6396448445733305, 0.6396448445733305, 0.6449689640969154, 0.6435638415256866, 0.6435638415256866, 0.6435638415256866, 0.6558808294369244, 0.6543235538714415, 0.6528963969350753, 0.650791615831128, 0.6491436202160443, 0.6491436202160443, 0.6491436202160443, 0.6491436202160443, 0.6491436202160443, 0.6491436202160443, 0.6491436202160443, 0.6491436202160443, 0.6491436202160443, 0.6491436202160443, 0.6491436202160443, 0.6491436202160443, 0.6491436202160443, 0.6491436202160443, 0.6491436202160443, 0.6491436202160443, 0.6491436202160443, 0.6491436202160443, 0.6491436202160443, 0.6491436202160443, 0.6491436202160443, 0.6491436202160443, 0.6491436202160443, 0.6491436202160443, 0.6491436202160443, 0.6491436202160443, 0.6491436202160443, 0.6491436202160443, 0.6491436202160443, 0.6491436202160443, 0.6491436202160443, 0.6493702125549284, 0.6493702125549284, 0.6493702125549284, 0.6493702125549284, 0.6493702125549284, 0.6493702125549284, 0.6493702125549284, 0.6493702125549284, 0.6493702125549284, 0.6493702125549284, 0.6493702125549284, 0.6493702125549284, 0.6493702125549284, 0.6493702125549284, 0.6493702125549284, 0.6493702125549284, 0.6493702125549284, 0.6493702125549284, 0.6493702125549284, 0.6493702125549284, 0.6493702125549284, 0.6493702125549284, 0.6493702125549284, 0.6493702125549284, 0.6493702125549284, 0.6493702125549284, 0.6493702125549284, 0.6493702125549284, 0.6493702125549284, 0.6493702125549284, 0.6493702125549284, 0.6493702125549284, 0.6493702125549284, 0.6493702125549284, 0.6493702125549284, 0.6493702125549284, 0.6493702125549284, 0.6493702125549284, 0.6493702125549284, 0.6493702125549284, 0.6493702125549284, 0.6493702125549284, 0.6493702125549284, 0.6493702125549284, 0.6493702125549284, 0.6493702125549284]"
28,0.661285677,0.661285677,7.619311094,0,"['ILINEY', 'ILINEY', 'ILINEY', 'ILINEY', 'ILINEY']","[0.5919984721522094, 0.5848573617597213, 0.632944101131159, 0.6423787188291424, 0.6373928212475936, 0.6363231233022003, 0.6612856766421031, 0.6602829861358895, 0.658566117624013, 0.6565416833091563, 0.6541189043601405, 0.6511673788556879, 0.6511673788556879, 0.6511673788556879, 0.6511673788556879, 0.6511673788556879, 0.6511673788556879, 0.6511673788556879, 0.6511673788556879, 0.6511673788556879, 0.6511673788556879, 0.6511673788556879, 0.6511673788556879, 0.6511673788556879, 0.6511673788556879, 0.6511673788556879, 0.6511673788556879, 0.6511673788556879, 0.6511673788556879, 0.6511673788556879, 0.6511673788556879, 0.6511673788556879, 0.6511673788556879, 0.6511673788556879, 0.6511673788556879, 0.6511673788556879, 0.6511673788556879, 0.6511673788556879, 0.6511673788556879, 0.6511673788556879, 0.6511673788556879, 0.6511673788556879, 0.6511673788556879, 0.6511673788556879, 0.6511673788556879, 0.6511673788556879, 0.6511673788556879, 0.6511673788556879, 0.6511673788556879, 0.6511673788556879, 0.6511673788556879, 0.6511673788556879, 0.6511673788556879, 0.6511673788556879, 0.6511673788556879, 0.6511673788556879, 0.6511673788556879, 0.6511673788556879, 0.6511673788556879, 0.6511673788556879, 0.6511673788556879, 0.6511673788556879, 0.6511673788556879, 0.6511673788556879, 0.6511673788556879, 0.6511673788556879, 0.6511673788556879, 0.6511673788556879, 0.6511673788556879, 0.6511673788556879, 0.6511673788556879, 0.6511673788556879, 0.6511673788556879, 0.6511673788556879, 0.6511673788556879, 0.6511673788556879, 0.6511673788556879, 0.6511673788556879, 0.6511673788556879, 0.6511673788556879, 0.6511673788556879, 0.6511673788556879, 0.6511673788556879, 0.6511673788556879, 0.6511673788556879, 0.6511673788556879, 0.6511673788556879, 0.6511673788556879, 0.6511673788556879, 0.6511673788556879, 0.6511673788556879, 0.6511673788556879, 0.6511673788556879, 0.6511673788556879, 0.6511673788556879, 0.6511673788556879, 0.6511673788556879, 0.6511673788556879, 0.6511673788556879, 0.6511673788556879]"
29,0.659084834,0.659084834,7.599900007,0.187290535,"['ILINEY', 'ILINEY', 'ILINEY', 'ILINEY', 'IVAFUG']","[0.6412238543397526, 0.6363782995217593, 0.6316277973566529, 0.6302678458861461, 0.6477904961292033, 0.6476354034317573, 0.6449897528323494, 0.6447936826664505, 0.6413968772506903, 0.6403964239017793, 0.6403964239017793, 0.6403964239017793, 0.6403964239017793, 0.6403964239017793, 0.6403964239017793, 0.6403964239017793, 0.6403964239017793, 0.6403964239017793, 0.6403964239017793, 0.6403964239017793, 0.6403964239017793, 0.6403964239017793, 0.6403964239017793, 0.6403964239017793, 0.6403964239017793, 0.6403964239017793, 0.6443861390301111, 0.6442140500683945, 0.6442140500683945, 0.6442140500683945, 0.6442140500683945, 0.6442140500683945, 0.6442140500683945, 0.6442140500683945, 0.6442140500683945, 0.6590848336871432, 0.6577133667919448, 0.65604733379066, 0.6541598747371317, 0.6519400376210627, 0.6530720441721785, 0.6519400376210627, 0.6519400376210627, 0.6519400376210627, 0.6519400376210627, 0.6519400376210627, 0.6519400376210627, 0.6519400376210627, 0.6519400376210627, 0.6519400376210627, 0.6519400376210627, 0.6519400376210627, 0.6519400376210627, 0.6519400376210627, 0.6519400376210627, 0.6519400376210627, 0.6519400376210627, 0.6519400376210627, 0.6519400376210627, 0.6519400376210627, 0.6519400376210627, 0.6519400376210627, 0.6519400376210627, 0.6519400376210627, 0.6519400376210627, 0.6519400376210627, 0.6519400376210627, 0.6519400376210627, 0.6519400376210627, 0.6519400376210627, 0.6519400376210627, 0.6519400376210627, 0.6519400376210627, 0.6519400376210627, 0.6519400376210627, 0.6519400376210627, 0.6519400376210627, 0.6519400376210627, 0.6519400376210627, 0.6519400376210627, 0.6519400376210627, 0.6519400376210627, 0.6519400376210627, 0.6519400376210627, 0.6519400376210627, 0.6519400376210627, 0.6519400376210627, 0.6519400376210627, 0.6519400376210627, 0.6519400376210627, 0.6519400376210627, 0.6519400376210627, 0.6519400376210627, 0.6519400376210627, 0.6519400376210627, 0.6519400376210627, 0.6519400376210627, 0.6519400376210627, 0.6519400376210627, 0.6519400376210627]"