seed,best_fitness,final_fitness,runtime,diversity,top_mofs,fitness_history
0,0.65609103304137,0.65609103304137,3.42258882522583,0.0,"['ZOGBII', 'ZOGBII', 'ZOGBII', 'ZOGBII', 'ZOGBII']","[0.35704225352112673, 0.6353134105897442, 0.6353134105897442, 0.6505445052653367, 0.6505445052653367, 0.6505445052653367, 0.6509765033335486, 0.6509765033335486, 0.6530508750267446, 0.6530508750267446, 0.6530508750267446, 0.6530508750267446, 0.6530508750267446, 0.6530508750267446, 0.6530508750267446, 0.6530508750267446, 0.6540919578009595, 0.6540919578009595, 0.6540919578009595, 0.6540919578009595, 0.6540919578009595, 0.6540919578009595, 0.6540919578009595, 0.6540919578009595, 0.6540919578009595, 0.6540919578009595, 0.6540919578009595, 0.6540919578009595, 0.6540919578009595, 0.655138881837046, 0.655138881837046, 0.6560652337830424, 0.6560652337830424, 0.6560652337830424, 0.6560652337830424, 0.6560652337830424, 0.6560652337830424, 0.6560652337830424, 0.6560652337830424, 0.6560652337830424, 0.6560652337830424, 0.6560652337830424, 0.6560652337830424, 0.6560652337830424, 0.6560652337830424, 0.6560652337830424, 0.6560652337830424, 0.6560652337830424, 0.6560652337830424, 0.6560652337830424, 0.6560652337830424, 0.6560652337830424, 0.6560652337830424, 0.6560652337830424, 0.6560652337830424, 0.6560652337830424, 0.6560652337830424, 0.6560652337830424, 0.6560652337830424, 0.6560652337830424, 0.6560652337830424, 0.6560652337830424, 0.6560652337830424, 0.6560652337830424, 0.6560652337830424, 0.6560652337830424, 0.6560652337830424, 0.6560652337830424, 0.6560652337830424, 0.6560652337830424, 0.65609103304137, 0.65609103304137, 0.65609103304137, 0.65609103304137, 0.65609103304137, 0.65609103304137, 0.65609103304137, 0.65609103304137, 0.65609103304137, 0.65609103304137, 0.65609103304137, 0.65609103304137, 0.65609103304137, 0.65609103304137, 0.65609103304137, 0.65609103304137, 0.65609103304137, 0.65609103304137, 0.65609103304137, 0.65609103304137, 0.65609103304137, 0.65609103304137, 0.65609103304137, 0.65609103304137, 0.65609103304137, 0.65609103304137, 0.65609103304137, 0.65609103304137, 0.65609103304137, 0.65609103304137]"
1,0.6570419420955886,0.6570419420955886,3.423658847808838,0.0,"['ZOGBII', 'ZOGBII', 'ZOGBII', 'ZOGBII', 'ZOGBII']","[0.44056805805773713, 0.6212331988903763, 0.6481244370640088, 0.6484937120035972, 0.6484937120035972, 0.6512132814333064, 0.6512132814333064, 0.6554128793923634, 0.6554128793923634, 0.6554128793923634, 0.6554128793923634, 0.6554128793923634, 0.656306411648931, 0.656306411648931, 0.656306411648931, 0.656306411648931, 0.656306411648931, 0.656306411648931, 0.656306411648931, 0.656306411648931, 0.656306411648931, 0.656306411648931, 0.656306411648931, 0.656306411648931, 0.656306411648931, 0.656306411648931, 0.656306411648931, 0.656306411648931, 0.6567024922897918, 0.6567024922897918, 0.6567024922897918, 0.6567024922897918, 0.6567024922897918, 0.6567024922897918, 0.6568586330201405, 0.6568586330201405, 0.6568586330201405, 0.6568586330201405, 0.6568586330201405, 0.6568586330201405, 0.6568586330201405, 0.6568586330201405, 0.6568586330201405, 0.6568586330201405, 0.6568586330201405, 0.6568586330201405, 0.6568586330201405, 0.6568586330201405, 0.6568586330201405, 0.6568586330201405, 0.6570419420955886, 0.6570419420955886, 0.6570419420955886, 0.6570419420955886, 0.6570419420955886, 0.6570419420955886, 0.6570419420955886, 0.6570419420955886, 0.6570419420955886, 0.6570419420955886, 0.6570419420955886, 0.6570419420955886, 0.6570419420955886, 0.6570419420955886, 0.6570419420955886, 0.6570419420955886, 0.6570419420955886, 0.6570419420955886, 0.6570419420955886, 0.6570419420955886, 0.6570419420955886, 0.6570419420955886, 0.6570419420955886, 0.6570419420955886, 0.6570419420955886, 0.6570419420955886, 0.6570419420955886, 0.6570419420955886, 0.6570419420955886, 0.6570419420955886, 0.6570419420955886, 0.6570419420955886, 0.6570419420955886, 0.6570419420955886, 0.6570419420955886, 0.6570419420955886, 0.6570419420955886, 0.6570419420955886, 0.6570419420955886, 0.6570419420955886, 0.6570419420955886, 0.6570419420955886, 0.6570419420955886, 0.6570419420955886, 0.6570419420955886, 0.6570419420955886, 0.6570419420955886, 0.6570419420955886, 0.6570419420955886, 0.6570419420955886]"
2,0.6568231766571712,0.6568231766571712,3.4208059310913086,0.0,"['ZOGBII', 'ZOGBII', 'ZOGBII', 'ZOGBII', 'ZOGBII']","[0.4172650099653018, 0.63374041762296, 0.651857538441826, 0.6567860477649726, 0.6567860477649726, 0.6567860477649726, 0.6567860477649726, 0.6567860477649726, 0.6567860477649726, 0.6567860477649726, 0.6567860477649726, 0.6567860477649726, 0.6567860477649726, 0.6567860477649726, 0.6567860477649726, 0.6567860477649726, 0.6567860477649726, 0.6567860477649726, 0.6568231766571712, 0.6568231766571712, 0.6568231766571712, 0.6568231766571712, 0.6568231766571712, 0.6568231766571712, 0.6568231766571712, 0.6568231766571712, 0.6568231766571712, 0.6568231766571712, 0.6568231766571712, 0.6568231766571712, 0.6568231766571712, 0.6568231766571712, 0.6568231766571712, 0.6568231766571712, 0.6568231766571712, 0.6568231766571712, 0.6568231766571712, 0.6568231766571712, 0.6568231766571712, 0.6568231766571712, 0.6568231766571712, 0.6568231766571712, 0.6568231766571712, 0.6568231766571712, 0.6568231766571712, 0.6568231766571712, 0.6568231766571712, 0.6568231766571712, 0.6568231766571712, 0.6568231766571712, 0.6568231766571712, 0.6568231766571712, 0.6568231766571712, 0.6568231766571712, 0.6568231766571712, 0.6568231766571712, 0.6568231766571712, 0.6568231766571712, 0.6568231766571712, 0.6568231766571712, 0.6568231766571712, 0.6568231766571712, 0.6568231766571712, 0.6568231766571712, 0.6568231766571712, 0.6568231766571712, 0.6568231766571712, 0.6568231766571712, 0.6568231766571712, 0.6568231766571712, 0.6568231766571712, 0.6568231766571712, 0.6568231766571712, 0.6568231766571712, 0.6568231766571712, 0.6568231766571712, 0.6568231766571712, 0.6568231766571712, 0.6568231766571712, 0.6568231766571712, 0.6568231766571712, 0.6568231766571712, 0.6568231766571712, 0.6568231766571712, 0.6568231766571712, 0.6568231766571712, 0.6568231766571712, 0.6568231766571712, 0.6568231766571712, 0.6568231766571712, 0.6568231766571712, 0.6568231766571712, 0.6568231766571712, 0.6568231766571712, 0.6568231766571712, 0.6568231766571712, 0.6568231766571712, 0.6568231766571712, 0.6568231766571712, 0.6568231766571712]"
3,0.6605050547683909,0.6605050547683909,3.4150071144104004,0.0,"['ZOGBII', 'ZOGBII', 'ZOGBII', 'ZOGBII', 'ZOGBII']","[0.35704225352112673, 0.6343450815492094, 0.6543335958368287, 0.6543335958368287, 0.6543335958368287, 0.6543335958368287, 0.6543335958368287, 0.6543335958368287, 0.6543335958368287, 0.6543335958368287, 0.6543335958368287, 0.6605050547683909, 0.6605050547683909, 0.6605050547683909, 0.6605050547683909, 0.6605050547683909, 0.6605050547683909, 0.6605050547683909, 0.6605050547683909, 0.6605050547683909, 0.6605050547683909, 0.6605050547683909, 0.6605050547683909, 0.6605050547683909, 0.6605050547683909, 0.6605050547683909, 0.6605050547683909, 0.6605050547683909, 0.6605050547683909, 0.6605050547683909, 0.6605050547683909, 0.6605050547683909, 0.6605050547683909, 0.6605050547683909, 0.6605050547683909, 0.6605050547683909, 0.6605050547683909, 0.6605050547683909, 0.6605050547683909, 0.6605050547683909, 0.6605050547683909, 0.6605050547683909, 0.6605050547683909, 0.6605050547683909, 0.6605050547683909, 0.6605050547683909, 0.6605050547683909, 0.6605050547683909, 0.6605050547683909, 0.6605050547683909, 0.6605050547683909, 0.6605050547683909, 0.6605050547683909, 0.6605050547683909, 0.6605050547683909, 0.6605050547683909, 0.6605050547683909, 0.6605050547683909, 0.6605050547683909, 0.6605050547683909, 0.6605050547683909, 0.6605050547683909, 0.6605050547683909, 0.6605050547683909, 0.6605050547683909, 0.6605050547683909, 0.6605050547683909, 0.6605050547683909, 0.6605050547683909, 0.6605050547683909, 0.6605050547683909, 0.6605050547683909, 0.6605050547683909, 0.6605050547683909, 0.6605050547683909, 0.6605050547683909, 0.6605050547683909, 0.6605050547683909, 0.6605050547683909, 0.6605050547683909, 0.6605050547683909, 0.6605050547683909, 0.6605050547683909, 0.6605050547683909, 0.6605050547683909, 0.6605050547683909, 0.6605050547683909, 0.6605050547683909, 0.6605050547683909, 0.6605050547683909, 0.6605050547683909, 0.6605050547683909, 0.6605050547683909, 0.6605050547683909, 0.6605050547683909, 0.6605050547683909, 0.6605050547683909, 0.6605050547683909, 0.6605050547683909, 0.6605050547683909]"
4,0.6585684273028645,0.6585684273028645,3.4250550270080566,0.0,"['ZOGBII', 'ZOGBII', 'ZOGBII', 'ZOGBII', 'ZOGBII']","[0.36333333333333334, 0.574004911315457, 0.6460893558634592, 0.6460893558634592, 0.6460893558634592, 0.6460893558634592, 0.6460893558634592, 0.6460893558634592, 0.6537004441479878, 0.6551251545862066, 0.6557058930014482, 0.6557058930014482, 0.6557058930014482, 0.6557058930014482, 0.6557058930014482, 0.6557058930014482, 0.6557058930014482, 0.6557058930014482, 0.6557058930014482, 0.6557058930014482, 0.6557058930014482, 0.6557058930014482, 0.6557058930014482, 0.6557058930014482, 0.6557058930014482, 0.6557058930014482, 0.6557058930014482, 0.6557058930014482, 0.6557058930014482, 0.6557058930014482, 0.6557058930014482, 0.6557058930014482, 0.6557058930014482, 0.6557058930014482, 0.6557058930014482, 0.6557058930014482, 0.6557058930014482, 0.6557058930014482, 0.6557058930014482, 0.6557058930014482, 0.6557058930014482, 0.6557058930014482, 0.6557058930014482, 0.6557058930014482, 0.6561279024651172, 0.6561279024651172, 0.6561279024651172, 0.6561279024651172, 0.6561279024651172, 0.6561279024651172, 0.6561279024651172, 0.6561279024651172, 0.6561279024651172, 0.6561279024651172, 0.6561279024651172, 0.6561279024651172, 0.6561279024651172, 0.6585684273028645, 0.6585684273028645, 0.6585684273028645, 0.6585684273028645, 0.6585684273028645, 0.6585684273028645, 0.6585684273028645, 0.6585684273028645, 0.6585684273028645, 0.6585684273028645, 0.6585684273028645, 0.6585684273028645, 0.6585684273028645, 0.6585684273028645, 0.6585684273028645, 0.6585684273028645, 0.6585684273028645, 0.6585684273028645, 0.6585684273028645, 0.6585684273028645, 0.6585684273028645, 0.6585684273028645, 0.6585684273028645, 0.6585684273028645, 0.6585684273028645, 0.6585684273028645, 0.6585684273028645, 0.6585684273028645, 0.6585684273028645, 0.6585684273028645, 0.6585684273028645, 0.6585684273028645, 0.6585684273028645, 0.6585684273028645, 0.6585684273028645, 0.6585684273028645, 0.6585684273028645, 0.6585684273028645, 0.6585684273028645, 0.6585684273028645, 0.6585684273028645, 0.6585684273028645, 0.6585684273028645]"
5,0.6570218806380725,0.6570218806380725,3.4822282791137695,0.0,"['ZOGBII', 'ZOGBII', 'ZOGBII', 'ZOGBII', 'ZOGBII']","[0.6339765313941511, 0.6556514046386016, 0.6556514046386016, 0.6556514046386016, 0.6556514046386016, 0.6556514046386016, 0.6556514046386016, 0.6556514046386016, 0.6556514046386016, 0.6556514046386016, 0.6556514046386016, 0.6556514046386016, 0.6556514046386016, 0.6556514046386016, 0.6556514046386016, 0.6556514046386016, 0.6556514046386016, 0.6556514046386016, 0.6556514046386016, 0.6556514046386016, 0.6556514046386016, 0.6556514046386016, 0.6556514046386016, 0.6556514046386016, 0.6563918724784344, 0.6563918724784344, 0.6563918724784344, 0.6563918724784344, 0.6563918724784344, 0.6570218806380725, 0.6570218806380725, 0.6570218806380725, 0.6570218806380725, 0.6570218806380725, 0.6570218806380725, 0.6570218806380725, 0.6570218806380725, 0.6570218806380725, 0.6570218806380725, 0.6570218806380725, 0.6570218806380725, 0.6570218806380725, 0.6570218806380725, 0.6570218806380725, 0.6570218806380725, 0.6570218806380725, 0.6570218806380725, 0.6570218806380725, 0.6570218806380725, 0.6570218806380725, 0.6570218806380725, 0.6570218806380725, 0.6570218806380725, 0.6570218806380725, 0.6570218806380725, 0.6570218806380725, 0.6570218806380725, 0.6570218806380725, 0.6570218806380725, 0.6570218806380725, 0.6570218806380725, 0.6570218806380725, 0.6570218806380725, 0.6570218806380725, 0.6570218806380725, 0.6570218806380725, 0.6570218806380725, 0.6570218806380725, 0.6570218806380725, 0.6570218806380725, 0.6570218806380725, 0.6570218806380725, 0.6570218806380725, 0.6570218806380725, 0.6570218806380725, 0.6570218806380725, 0.6570218806380725, 0.6570218806380725, 0.6570218806380725, 0.6570218806380725, 0.6570218806380725, 0.6570218806380725, 0.6570218806380725, 0.6570218806380725, 0.6570218806380725, 0.6570218806380725, 0.6570218806380725, 0.6570218806380725, 0.6570218806380725, 0.6570218806380725, 0.6570218806380725, 0.6570218806380725, 0.6570218806380725, 0.6570218806380725, 0.6570218806380725, 0.6570218806380725, 0.6570218806380725, 0.6570218806380725, 0.6570218806380725, 0.6570218806380725]"
6,0.6567551430865569,0.6567551430865569,3.4333410263061523,0.0,"['ZOGBII', 'ZOGBII', 'ZOGBII', 'ZOGBII', 'ZOGBII']","[0.35704225352112673, 0.6395856280185634, 0.6530475537752564, 0.6551099100068964, 0.6551099100068964, 0.6551099100068964, 0.6551099100068964, 0.6551099100068964, 0.6551099100068964, 0.6551099100068964, 0.6551099100068964, 0.6551099100068964, 0.6551099100068964, 0.6551099100068964, 0.6551099100068964, 0.6551099100068964, 0.6551099100068964, 0.6551099100068964, 0.6551099100068964, 0.6551099100068964, 0.6551099100068964, 0.6551099100068964, 0.6551099100068964, 0.6551099100068964, 0.6551099100068964, 0.6551099100068964, 0.6551099100068964, 0.6551099100068964, 0.6551099100068964, 0.6551099100068964, 0.6551099100068964, 0.6551099100068964, 0.6551099100068964, 0.6551099100068964, 0.6551099100068964, 0.6551099100068964, 0.6551099100068964, 0.6551099100068964, 0.6551099100068964, 0.6551099100068964, 0.6551099100068964, 0.6551782533143898, 0.6551782533143898, 0.6551782533143898, 0.6551782533143898, 0.6551782533143898, 0.6551782533143898, 0.6551782533143898, 0.6551782533143898, 0.6551782533143898, 0.6551782533143898, 0.6551782533143898, 0.6551782533143898, 0.6556161686103489, 0.6556161686103489, 0.6565241686326392, 0.6565241686326392, 0.6565241686326392, 0.6565241686326392, 0.6565241686326392, 0.6565241686326392, 0.6565241686326392, 0.6565241686326392, 0.6567551430865569, 0.6567551430865569, 0.6567551430865569, 0.6567551430865569, 0.6567551430865569, 0.6567551430865569, 0.6567551430865569, 0.6567551430865569, 0.6567551430865569, 0.6567551430865569, 0.6567551430865569, 0.6567551430865569, 0.6567551430865569, 0.6567551430865569, 0.6567551430865569, 0.6567551430865569, 0.6567551430865569, 0.6567551430865569, 0.6567551430865569, 0.6567551430865569, 0.6567551430865569, 0.6567551430865569, 0.6567551430865569, 0.6567551430865569, 0.6567551430865569, 0.6567551430865569, 0.6567551430865569, 0.6567551430865569, 0.6567551430865569, 0.6567551430865569, 0.6567551430865569, 0.6567551430865569, 0.6567551430865569, 0.6567551430865569, 0.6567551430865569, 0.6567551430865569, 0.6567551430865569]"
7,0.6569593336676167,0.6569593336676167,3.4274911880493164,0.0,"['ZOGBII', 'ZOGBII', 'ZOGBII', 'ZOGBII', 'ZOGBII']","[0.45504224811972116, 0.6365379594156834, 0.6470914596716826, 0.6508881972768321, 0.6560108367169878, 0.6560108367169878, 0.6560108367169878, 0.6560108367169878, 0.6560108367169878, 0.6560108367169878, 0.6560108367169878, 0.6560108367169878, 0.6560108367169878, 0.6560108367169878, 0.6560108367169878, 0.6560108367169878, 0.6560108367169878, 0.6562040989406486, 0.6562040989406486, 0.6562040989406486, 0.6562040989406486, 0.6562040989406486, 0.6562040989406486, 0.6562040989406486, 0.6563909633415895, 0.6563909633415895, 0.6563909633415895, 0.6563909633415895, 0.6563909633415895, 0.6563909633415895, 0.6563909633415895, 0.6563909633415895, 0.6563909633415895, 0.6563909633415895, 0.6563909633415895, 0.6563909633415895, 0.6563909633415895, 0.6563909633415895, 0.6563909633415895, 0.6563909633415895, 0.6563909633415895, 0.6563909633415895, 0.6563909633415895, 0.6563909633415895, 0.6563909633415895, 0.6563909633415895, 0.6563909633415895, 0.6563909633415895, 0.6563909633415895, 0.6563909633415895, 0.6563909633415895, 0.6563909633415895, 0.6563909633415895, 0.6563909633415895, 0.6563909633415895, 0.6563909633415895, 0.6563909633415895, 0.6563909633415895, 0.6563909633415895, 0.6563909633415895, 0.6563909633415895, 0.6563909633415895, 0.6563909633415895, 0.6563909633415895, 0.6563909633415895, 0.6563909633415895, 0.6563909633415895, 0.6563909633415895, 0.6563909633415895, 0.6563909633415895, 0.6563909633415895, 0.6563909633415895, 0.6563909633415895, 0.6563909633415895, 0.6563909633415895, 0.6563909633415895, 0.6564262583301229, 0.6569593336676167, 0.6569593336676167, 0.6569593336676167, 0.6569593336676167, 0.6569593336676167, 0.6569593336676167, 0.6569593336676167, 0.6569593336676167, 0.6569593336676167, 0.6569593336676167, 0.6569593336676167, 0.6569593336676167, 0.6569593336676167, 0.6569593336676167, 0.6569593336676167, 0.6569593336676167, 0.6569593336676167, 0.6569593336676167, 0.6569593336676167, 0.6569593336676167, 0.6569593336676167, 0.6569593336676167, 0.6569593336676167]"
8,0.6568333076149303,0.6568333076149303,3.429492950439453,0.0,"['ZOGBII', 'ZOGBII', 'ZOGBII', 'ZOGBII', 'ZOGBII']","[0.36333333333333334, 0.6525201840921567, 0.6525201840921567, 0.6525201840921567, 0.6525201840921567, 0.6548870077594032, 0.6548870077594032, 0.6548870077594032, 0.6561106819143389, 0.6561106819143389, 0.6561106819143389, 0.6561106819143389, 0.6561106819143389, 0.6561106819143389, 0.6561106819143389, 0.6561106819143389, 0.6561106819143389, 0.6561106819143389, 0.6561106819143389, 0.6561106819143389, 0.6561106819143389, 0.6561106819143389, 0.6561106819143389, 0.6561106819143389, 0.6561106819143389, 0.6561106819143389, 0.6561106819143389, 0.6561106819143389, 0.6561106819143389, 0.6561106819143389, 0.6561106819143389, 0.6561106819143389, 0.6561106819143389, 0.6568333076149303, 0.6568333076149303, 0.6568333076149303, 0.6568333076149303, 0.6568333076149303, 0.6568333076149303, 0.6568333076149303, 0.6568333076149303, 0.6568333076149303, 0.6568333076149303, 0.6568333076149303, 0.6568333076149303, 0.6568333076149303, 0.6568333076149303, 0.6568333076149303, 0.6568333076149303, 0.6568333076149303, 0.6568333076149303, 0.6568333076149303, 0.6568333076149303, 0.6568333076149303, 0.6568333076149303, 0.6568333076149303, 0.6568333076149303, 0.6568333076149303, 0.6568333076149303, 0.6568333076149303, 0.6568333076149303, 0.6568333076149303, 0.6568333076149303, 0.6568333076149303, 0.6568333076149303, 0.6568333076149303, 0.6568333076149303, 0.6568333076149303, 0.6568333076149303, 0.6568333076149303, 0.6568333076149303, 0.6568333076149303, 0.6568333076149303, 0.6568333076149303, 0.6568333076149303, 0.6568333076149303, 0.6568333076149303, 0.6568333076149303, 0.6568333076149303, 0.6568333076149303, 0.6568333076149303, 0.6568333076149303, 0.6568333076149303, 0.6568333076149303, 0.6568333076149303, 0.6568333076149303, 0.6568333076149303, 0.6568333076149303, 0.6568333076149303, 0.6568333076149303, 0.6568333076149303, 0.6568333076149303, 0.6568333076149303, 0.6568333076149303, 0.6568333076149303, 0.6568333076149303, 0.6568333076149303, 0.6568333076149303, 0.6568333076149303, 0.6568333076149303]"
9,0.6611974125857335,0.6611974125857335,3.41851806640625,0.0,"['ZOGBII', 'ZOGBII', 'ZOGBII', 'ZOGBII', 'ZOGBII']","[0.3740600821052198, 0.6374762952891333, 0.6434285512869552, 0.6469788669579368, 0.6469788669579368, 0.6611974125857335, 0.6611974125857335, 0.6611974125857335, 0.6611974125857335, 0.6611974125857335, 0.6611974125857335, 0.6611974125857335, 0.6611974125857335, 0.6611974125857335, 0.6611974125857335, 0.6611974125857335, 0.6611974125857335, 0.6611974125857335, 0.6611974125857335, 0.6611974125857335, 0.6611974125857335, 0.6611974125857335, 0.6611974125857335, 0.6611974125857335, 0.6611974125857335, 0.6611974125857335, 0.6611974125857335, 0.6611974125857335, 0.6611974125857335, 0.6611974125857335, 0.6611974125857335, 0.6611974125857335, 0.6611974125857335, 0.6611974125857335, 0.6611974125857335, 0.6611974125857335, 0.6611974125857335, 0.6611974125857335, 0.6611974125857335, 0.6611974125857335, 0.6611974125857335, 0.6611974125857335, 0.6611974125857335, 0.6611974125857335, 0.6611974125857335, 0.6611974125857335, 0.6611974125857335, 0.6611974125857335, 0.6611974125857335, 0.6611974125857335, 0.6611974125857335, 0.6611974125857335, 0.6611974125857335, 0.6611974125857335, 0.6611974125857335, 0.6611974125857335, 0.6611974125857335, 0.6611974125857335, 0.6611974125857335, 0.6611974125857335, 0.6611974125857335, 0.6611974125857335, 0.6611974125857335, 0.6611974125857335, 0.6611974125857335, 0.6611974125857335, 0.6611974125857335, 0.6611974125857335, 0.6611974125857335, 0.6611974125857335, 0.6611974125857335, 0.6611974125857335, 0.6611974125857335, 0.6611974125857335, 0.6611974125857335, 0.6611974125857335, 0.6611974125857335, 0.6611974125857335, 0.6611974125857335, 0.6611974125857335, 0.6611974125857335, 0.6611974125857335, 0.6611974125857335, 0.6611974125857335, 0.6611974125857335, 0.6611974125857335, 0.6611974125857335, 0.6611974125857335, 0.6611974125857335, 0.6611974125857335, 0.6611974125857335, 0.6611974125857335, 0.6611974125857335, 0.6611974125857335, 0.6611974125857335, 0.6611974125857335, 0.6611974125857335, 0.6611974125857335, 0.6611974125857335, 0.6611974125857335]"
10,0.6611220476808363,0.6611220476808363,3.424718141555786,0.0,"['ZOGBII', 'ZOGBII', 'ZOGBII', 'ZOGBII', 'ZOGBII']","[0.35704225352112673, 0.6398476737730399, 0.6398476737730399, 0.6516141639530143, 0.6516141639530143, 0.6516141639530143, 0.6563299827591146, 0.6591519463439787, 0.6591519463439787, 0.6591519463439787, 0.6591519463439787, 0.6591519463439787, 0.6611220476808363, 0.6611220476808363, 0.6611220476808363, 0.6611220476808363, 0.6611220476808363, 0.6611220476808363, 0.6611220476808363, 0.6611220476808363, 0.6611220476808363, 0.6611220476808363, 0.6611220476808363, 0.6611220476808363, 0.6611220476808363, 0.6611220476808363, 0.6611220476808363, 0.6611220476808363, 0.6611220476808363, 0.6611220476808363, 0.6611220476808363, 0.6611220476808363, 0.6611220476808363, 0.6611220476808363, 0.6611220476808363, 0.6611220476808363, 0.6611220476808363, 0.6611220476808363, 0.6611220476808363, 0.6611220476808363, 0.6611220476808363, 0.6611220476808363, 0.6611220476808363, 0.6611220476808363, 0.6611220476808363, 0.6611220476808363, 0.6611220476808363, 0.6611220476808363, 0.6611220476808363, 0.6611220476808363, 0.6611220476808363, 0.6611220476808363, 0.6611220476808363, 0.6611220476808363, 0.6611220476808363, 0.6611220476808363, 0.6611220476808363, 0.6611220476808363, 0.6611220476808363, 0.6611220476808363, 0.6611220476808363, 0.6611220476808363, 0.6611220476808363, 0.6611220476808363, 0.6611220476808363, 0.6611220476808363, 0.6611220476808363, 0.6611220476808363, 0.6611220476808363, 0.6611220476808363, 0.6611220476808363, 0.6611220476808363, 0.6611220476808363, 0.6611220476808363, 0.6611220476808363, 0.6611220476808363, 0.6611220476808363, 0.6611220476808363, 0.6611220476808363, 0.6611220476808363, 0.6611220476808363, 0.6611220476808363, 0.6611220476808363, 0.6611220476808363, 0.6611220476808363, 0.6611220476808363, 0.6611220476808363, 0.6611220476808363, 0.6611220476808363, 0.6611220476808363, 0.6611220476808363, 0.6611220476808363, 0.6611220476808363, 0.6611220476808363, 0.6611220476808363, 0.6611220476808363, 0.6611220476808363, 0.6611220476808363, 0.6611220476808363, 0.6611220476808363]"
11,0.6589385418158112,0.6589385418158112,3.425661087036133,0.0,"['ZOGBII', 'ZOGBII', 'ZOGBII', 'ZOGBII', 'ZOGBII']","[0.5827305730107941, 0.5827305730107941, 0.649078016025733, 0.6564437432033602, 0.6564437432033602, 0.6564437432033602, 0.6564437432033602, 0.6564437432033602, 0.6564437432033602, 0.6564437432033602, 0.6564437432033602, 0.6564437432033602, 0.6564437432033602, 0.6564437432033602, 0.6564437432033602, 0.6564437432033602, 0.6564437432033602, 0.6564437432033602, 0.6564437432033602, 0.6564437432033602, 0.6564437432033602, 0.6564437432033602, 0.6564437432033602, 0.6564437432033602, 0.6564437432033602, 0.6564437432033602, 0.6564437432033602, 0.6564437432033602, 0.6566059825827332, 0.6566059825827332, 0.6566059825827332, 0.6566059825827332, 0.6566059825827332, 0.6566059825827332, 0.6566059825827332, 0.6566059825827332, 0.6566059825827332, 0.6566059825827332, 0.6566059825827332, 0.6566059825827332, 0.6566059825827332, 0.6566059825827332, 0.6566059825827332, 0.6566059825827332, 0.6566059825827332, 0.6566059825827332, 0.6566059825827332, 0.6566059825827332, 0.6566059825827332, 0.6566059825827332, 0.6566059825827332, 0.6566059825827332, 0.6566059825827332, 0.6566059825827332, 0.6566059825827332, 0.6566059825827332, 0.6566059825827332, 0.6566059825827332, 0.6566059825827332, 0.6566059825827332, 0.6566059825827332, 0.6566059825827332, 0.6566059825827332, 0.6566059825827332, 0.6566059825827332, 0.6566059825827332, 0.6566059825827332, 0.6566059825827332, 0.6566059825827332, 0.6566059825827332, 0.6566059825827332, 0.6566059825827332, 0.6566059825827332, 0.6566059825827332, 0.6566059825827332, 0.6566059825827332, 0.6566059825827332, 0.6566059825827332, 0.6589385418158112, 0.6589385418158112, 0.6589385418158112, 0.6589385418158112, 0.6589385418158112, 0.6589385418158112, 0.6589385418158112, 0.6589385418158112, 0.6589385418158112, 0.6589385418158112, 0.6589385418158112, 0.6589385418158112, 0.6589385418158112, 0.6589385418158112, 0.6589385418158112, 0.6589385418158112, 0.6589385418158112, 0.6589385418158112, 0.6589385418158112, 0.6589385418158112, 0.6589385418158112, 0.6589385418158112]"
12,0.6619679758408937,0.6619679758408937,3.43719482421875,0.0,"['ZOGBII', 'ZOGBII', 'ZOGBII', 'ZOGBII', 'ZOGBII']","[0.5506654073498365, 0.6498833584486304, 0.6506465676961516, 0.6506465676961516, 0.6506465676961516, 0.6506465676961516, 0.6506465676961516, 0.6619679758408937, 0.6619679758408937, 0.6619679758408937, 0.6619679758408937, 0.6619679758408937, 0.6619679758408937, 0.6619679758408937, 0.6619679758408937, 0.6619679758408937, 0.6619679758408937, 0.6619679758408937, 0.6619679758408937, 0.6619679758408937, 0.6619679758408937, 0.6619679758408937, 0.6619679758408937, 0.6619679758408937, 0.6619679758408937, 0.6619679758408937, 0.6619679758408937, 0.6619679758408937, 0.6619679758408937, 0.6619679758408937, 0.6619679758408937, 0.6619679758408937, 0.6619679758408937, 0.6619679758408937, 0.6619679758408937, 0.6619679758408937, 0.6619679758408937, 0.6619679758408937, 0.6619679758408937, 0.6619679758408937, 0.6619679758408937, 0.6619679758408937, 0.6619679758408937, 0.6619679758408937, 0.6619679758408937, 0.6619679758408937, 0.6619679758408937, 0.6619679758408937, 0.6619679758408937, 0.6619679758408937, 0.6619679758408937, 0.6619679758408937, 0.6619679758408937, 0.6619679758408937, 0.6619679758408937, 0.6619679758408937, 0.6619679758408937, 0.6619679758408937, 0.6619679758408937, 0.6619679758408937, 0.6619679758408937, 0.6619679758408937, 0.6619679758408937, 0.6619679758408937, 0.6619679758408937, 0.6619679758408937, 0.6619679758408937, 0.6619679758408937, 0.6619679758408937, 0.6619679758408937, 0.6619679758408937, 0.6619679758408937, 0.6619679758408937, 0.6619679758408937, 0.6619679758408937, 0.6619679758408937, 0.6619679758408937, 0.6619679758408937, 0.6619679758408937, 0.6619679758408937, 0.6619679758408937, 0.6619679758408937, 0.6619679758408937, 0.6619679758408937, 0.6619679758408937, 0.6619679758408937, 0.6619679758408937, 0.6619679758408937, 0.6619679758408937, 0.6619679758408937, 0.6619679758408937, 0.6619679758408937, 0.6619679758408937, 0.6619679758408937, 0.6619679758408937, 0.6619679758408937, 0.6619679758408937, 0.6619679758408937, 0.6619679758408937, 0.6619679758408937]"
13,0.6567421459316048,0.6567421459316048,3.4246768951416016,0.0,"['ZOGBII', 'ZOGBII', 'ZOGBII', 'ZOGBII', 'ZOGBII']","[0.35704225352112673, 0.6511636301377456, 0.6565953185540871, 0.6565953185540871, 0.6565953185540871, 0.6565953185540871, 0.6565953185540871, 0.6565953185540871, 0.6566734481354554, 0.6566734481354554, 0.6566734481354554, 0.6566734481354554, 0.6566734481354554, 0.6566734481354554, 0.6566734481354554, 0.6566734481354554, 0.6566734481354554, 0.6566734481354554, 0.6566734481354554, 0.6566734481354554, 0.6566734481354554, 0.6567421459316048, 0.6567421459316048, 0.6567421459316048, 0.6567421459316048, 0.6567421459316048, 0.6567421459316048, 0.6567421459316048, 0.6567421459316048, 0.6567421459316048, 0.6567421459316048, 0.6567421459316048, 0.6567421459316048, 0.6567421459316048, 0.6567421459316048, 0.6567421459316048, 0.6567421459316048, 0.6567421459316048, 0.6567421459316048, 0.6567421459316048, 0.6567421459316048, 0.6567421459316048, 0.6567421459316048, 0.6567421459316048, 0.6567421459316048, 0.6567421459316048, 0.6567421459316048, 0.6567421459316048, 0.6567421459316048, 0.6567421459316048, 0.6567421459316048, 0.6567421459316048, 0.6567421459316048, 0.6567421459316048, 0.6567421459316048, 0.6567421459316048, 0.6567421459316048, 0.6567421459316048, 0.6567421459316048, 0.6567421459316048, 0.6567421459316048, 0.6567421459316048, 0.6567421459316048, 0.6567421459316048, 0.6567421459316048, 0.6567421459316048, 0.6567421459316048, 0.6567421459316048, 0.6567421459316048, 0.6567421459316048, 0.6567421459316048, 0.6567421459316048, 0.6567421459316048, 0.6567421459316048, 0.6567421459316048, 0.6567421459316048, 0.6567421459316048, 0.6567421459316048, 0.6567421459316048, 0.6567421459316048, 0.6567421459316048, 0.6567421459316048, 0.6567421459316048, 0.6567421459316048, 0.6567421459316048, 0.6567421459316048, 0.6567421459316048, 0.6567421459316048, 0.6567421459316048, 0.6567421459316048, 0.6567421459316048, 0.6567421459316048, 0.6567421459316048, 0.6567421459316048, 0.6567421459316048, 0.6567421459316048, 0.6567421459316048, 0.6567421459316048, 0.6567421459316048, 0.6567421459316048]"
14,0.6570354183430378,0.6570354183430378,3.8590569496154785,0.0,"['ZOGBII', 'ZOGBII', 'ZOGBII', 'ZOGBII', 'ZOGBII']","[0.36333333333333334, 0.5211766974901781, 0.6499634485183166, 0.6499634485183166, 0.6499634485183166, 0.6522162364680427, 0.6539845719099973, 0.6539845719099973, 0.6539845719099973, 0.6539845719099973, 0.6539845719099973, 0.6539845719099973, 0.6539845719099973, 0.6539845719099973, 0.6559141392327926, 0.6559141392327926, 0.6559141392327926, 0.6559141392327926, 0.6559141392327926, 0.6559141392327926, 0.6570354183430378, 0.6570354183430378, 0.6570354183430378, 0.6570354183430378, 0.6570354183430378, 0.6570354183430378, 0.6570354183430378, 0.6570354183430378, 0.6570354183430378, 0.6570354183430378, 0.6570354183430378, 0.6570354183430378, 0.6570354183430378, 0.6570354183430378, 0.6570354183430378, 0.6570354183430378, 0.6570354183430378, 0.6570354183430378, 0.6570354183430378, 0.6570354183430378, 0.6570354183430378, 0.6570354183430378, 0.6570354183430378, 0.6570354183430378, 0.6570354183430378, 0.6570354183430378, 0.6570354183430378, 0.6570354183430378, 0.6570354183430378, 0.6570354183430378, 0.6570354183430378, 0.6570354183430378, 0.6570354183430378, 0.6570354183430378, 0.6570354183430378, 0.6570354183430378, 0.6570354183430378, 0.6570354183430378, 0.6570354183430378, 0.6570354183430378, 0.6570354183430378, 0.6570354183430378, 0.6570354183430378, 0.6570354183430378, 0.6570354183430378, 0.6570354183430378, 0.6570354183430378, 0.6570354183430378, 0.6570354183430378, 0.6570354183430378, 0.6570354183430378, 0.6570354183430378, 0.6570354183430378, 0.6570354183430378, 0.6570354183430378, 0.6570354183430378, 0.6570354183430378, 0.6570354183430378, 0.6570354183430378, 0.6570354183430378, 0.6570354183430378, 0.6570354183430378, 0.6570354183430378, 0.6570354183430378, 0.6570354183430378, 0.6570354183430378, 0.6570354183430378, 0.6570354183430378, 0.6570354183430378, 0.6570354183430378, 0.6570354183430378, 0.6570354183430378, 0.6570354183430378, 0.6570354183430378, 0.6570354183430378, 0.6570354183430378, 0.6570354183430378, 0.6570354183430378, 0.6570354183430378, 0.6570354183430378]"
15,0.6570221931422674,0.6570221931422674,3.425306797027588,0.0,"['ZOGBII', 'ZOGBII', 'ZOGBII', 'ZOGBII', 'ZOGBII']","[0.35704225352112673, 0.6078481808992885, 0.6380989177400732, 0.6380989177400732, 0.6380989177400732, 0.652710596878404, 0.652710596878404, 0.652710596878404, 0.6544708069487577, 0.6544708069487577, 0.6544708069487577, 0.6544708069487577, 0.6559405631056804, 0.6559405631056804, 0.6559405631056804, 0.6559405631056804, 0.6559405631056804, 0.6559405631056804, 0.6559405631056804, 0.6559405631056804, 0.6559405631056804, 0.6559405631056804, 0.6559405631056804, 0.6559405631056804, 0.6559405631056804, 0.6559405631056804, 0.6559405631056804, 0.6559405631056804, 0.6565619725399058, 0.6565619725399058, 0.6565619725399058, 0.6565619725399058, 0.6565619725399058, 0.6565619725399058, 0.6565619725399058, 0.6565619725399058, 0.6565619725399058, 0.6565619725399058, 0.6565619725399058, 0.6566625745684967, 0.6566625745684967, 0.6566625745684967, 0.6566625745684967, 0.6566625745684967, 0.6566625745684967, 0.6566625745684967, 0.6566625745684967, 0.6566625745684967, 0.6566625745684967, 0.6566625745684967, 0.6566625745684967, 0.6566625745684967, 0.6566625745684967, 0.6566625745684967, 0.6566625745684967, 0.6566625745684967, 0.6566625745684967, 0.6566625745684967, 0.6566625745684967, 0.6566625745684967, 0.6566625745684967, 0.6566625745684967, 0.6569077797352069, 0.6569077797352069, 0.6569077797352069, 0.6569077797352069, 0.6569077797352069, 0.6569077797352069, 0.6569077797352069, 0.6570221931422674, 0.6570221931422674, 0.6570221931422674, 0.6570221931422674, 0.6570221931422674, 0.6570221931422674, 0.6570221931422674, 0.6570221931422674, 0.6570221931422674, 0.6570221931422674, 0.6570221931422674, 0.6570221931422674, 0.6570221931422674, 0.6570221931422674, 0.6570221931422674, 0.6570221931422674, 0.6570221931422674, 0.6570221931422674, 0.6570221931422674, 0.6570221931422674, 0.6570221931422674, 0.6570221931422674, 0.6570221931422674, 0.6570221931422674, 0.6570221931422674, 0.6570221931422674, 0.6570221931422674, 0.6570221931422674, 0.6570221931422674, 0.6570221931422674, 0.6570221931422674]"
16,0.6568097128252993,0.6568097128252993,3.422773838043213,0.0,"['ZOGBII', 'ZOGBII', 'ZOGBII', 'ZOGBII', 'ZOGBII']","[0.6355706587079594, 0.6355706587079594, 0.6519359543828936, 0.6519359543828936, 0.6519359543828936, 0.6519359543828936, 0.6519359543828936, 0.6519359543828936, 0.6553438363348675, 0.6553438363348675, 0.6553438363348675, 0.6553438363348675, 0.6553438363348675, 0.6553438363348675, 0.6553438363348675, 0.6553438363348675, 0.6568097128252993, 0.6568097128252993, 0.6568097128252993, 0.6568097128252993, 0.6568097128252993, 0.6568097128252993, 0.6568097128252993, 0.6568097128252993, 0.6568097128252993, 0.6568097128252993, 0.6568097128252993, 0.6568097128252993, 0.6568097128252993, 0.6568097128252993, 0.6568097128252993, 0.6568097128252993, 0.6568097128252993, 0.6568097128252993, 0.6568097128252993, 0.6568097128252993, 0.6568097128252993, 0.6568097128252993, 0.6568097128252993, 0.6568097128252993, 0.6568097128252993, 0.6568097128252993, 0.6568097128252993, 0.6568097128252993, 0.6568097128252993, 0.6568097128252993, 0.6568097128252993, 0.6568097128252993, 0.6568097128252993, 0.6568097128252993, 0.6568097128252993, 0.6568097128252993, 0.6568097128252993, 0.6568097128252993, 0.6568097128252993, 0.6568097128252993, 0.6568097128252993, 0.6568097128252993, 0.6568097128252993, 0.6568097128252993, 0.6568097128252993, 0.6568097128252993, 0.6568097128252993, 0.6568097128252993, 0.6568097128252993, 0.6568097128252993, 0.6568097128252993, 0.6568097128252993, 0.6568097128252993, 0.6568097128252993, 0.6568097128252993, 0.6568097128252993, 0.6568097128252993, 0.6568097128252993, 0.6568097128252993, 0.6568097128252993, 0.6568097128252993, 0.6568097128252993, 0.6568097128252993, 0.6568097128252993, 0.6568097128252993, 0.6568097128252993, 0.6568097128252993, 0.6568097128252993, 0.6568097128252993, 0.6568097128252993, 0.6568097128252993, 0.6568097128252993, 0.6568097128252993, 0.6568097128252993, 0.6568097128252993, 0.6568097128252993, 0.6568097128252993, 0.6568097128252993, 0.6568097128252993, 0.6568097128252993, 0.6568097128252993, 0.6568097128252993, 0.6568097128252993, 0.6568097128252993]"
17,0.656593856123184,0.656593856123184,3.4801950454711914,0.0,"['ZOGBII', 'ZOGBII', 'ZOGBII', 'ZOGBII', 'ZOGBII']","[0.5908503811196317, 0.6054579331979812, 0.6286439176011434, 0.635511054469104, 0.6418913904161947, 0.6418913904161947, 0.656593856123184, 0.656593856123184, 0.656593856123184, 0.656593856123184, 0.656593856123184, 0.656593856123184, 0.656593856123184, 0.656593856123184, 0.656593856123184, 0.656593856123184, 0.656593856123184, 0.656593856123184, 0.656593856123184, 0.656593856123184, 0.656593856123184, 0.656593856123184, 0.656593856123184, 0.656593856123184, 0.656593856123184, 0.656593856123184, 0.656593856123184, 0.656593856123184, 0.656593856123184, 0.656593856123184, 0.656593856123184, 0.656593856123184, 0.656593856123184, 0.656593856123184, 0.656593856123184, 0.656593856123184, 0.656593856123184, 0.656593856123184, 0.656593856123184, 0.656593856123184, 0.656593856123184, 0.656593856123184, 0.656593856123184, 0.656593856123184, 0.656593856123184, 0.656593856123184, 0.656593856123184, 0.656593856123184, 0.656593856123184, 0.656593856123184, 0.656593856123184, 0.656593856123184, 0.656593856123184, 0.656593856123184, 0.656593856123184, 0.656593856123184, 0.656593856123184, 0.656593856123184, 0.656593856123184, 0.656593856123184, 0.656593856123184, 0.656593856123184, 0.656593856123184, 0.656593856123184, 0.656593856123184, 0.656593856123184, 0.656593856123184, 0.656593856123184, 0.656593856123184, 0.656593856123184, 0.656593856123184, 0.656593856123184, 0.656593856123184, 0.656593856123184, 0.656593856123184, 0.656593856123184, 0.656593856123184, 0.656593856123184, 0.656593856123184, 0.656593856123184, 0.656593856123184, 0.656593856123184, 0.656593856123184, 0.656593856123184, 0.656593856123184, 0.656593856123184, 0.656593856123184, 0.656593856123184, 0.656593856123184, 0.656593856123184, 0.656593856123184, 0.656593856123184, 0.656593856123184, 0.656593856123184, 0.656593856123184, 0.656593856123184, 0.656593856123184, 0.656593856123184, 0.656593856123184, 0.656593856123184]"
18,0.6569734868022749,0.6569734868022749,3.428257942199707,0.0,"['ZOGBII', 'ZOGBII', 'ZOGBII', 'ZOGBII', 'ZOGBII']","[0.36333333333333334, 0.6052865793736724, 0.6332944307070628, 0.6383055794511707, 0.641547651321092, 0.6469897355046509, 0.649309181880613, 0.649309181880613, 0.6522305067179953, 0.656619831474226, 0.656619831474226, 0.656619831474226, 0.656619831474226, 0.656619831474226, 0.656619831474226, 0.656619831474226, 0.656619831474226, 0.656619831474226, 0.656619831474226, 0.656619831474226, 0.656619831474226, 0.656619831474226, 0.656619831474226, 0.656619831474226, 0.656619831474226, 0.656619831474226, 0.656619831474226, 0.656619831474226, 0.656619831474226, 0.656619831474226, 0.656619831474226, 0.656619831474226, 0.656619831474226, 0.656619831474226, 0.656619831474226, 0.656619831474226, 0.656619831474226, 0.656619831474226, 0.656619831474226, 0.656619831474226, 0.656619831474226, 0.656619831474226, 0.656619831474226, 0.656619831474226, 0.656619831474226, 0.656619831474226, 0.656619831474226, 0.656619831474226, 0.656619831474226, 0.656619831474226, 0.656619831474226, 0.656619831474226, 0.656619831474226, 0.656619831474226, 0.656619831474226, 0.656619831474226, 0.656619831474226, 0.656619831474226, 0.656619831474226, 0.656619831474226, 0.656619831474226, 0.656619831474226, 0.656619831474226, 0.656619831474226, 0.656619831474226, 0.656619831474226, 0.656619831474226, 0.656619831474226, 0.656619831474226, 0.656619831474226, 0.656619831474226, 0.656619831474226, 0.656619831474226, 0.656619831474226, 0.656619831474226, 0.656619831474226, 0.656619831474226, 0.656619831474226, 0.656619831474226, 0.656619831474226, 0.656619831474226, 0.656619831474226, 0.656619831474226, 0.656619831474226, 0.6569734868022749, 0.6569734868022749, 0.6569734868022749, 0.6569734868022749, 0.6569734868022749, 0.6569734868022749, 0.6569734868022749, 0.6569734868022749, 0.6569734868022749, 0.6569734868022749, 0.6569734868022749, 0.6569734868022749, 0.6569734868022749, 0.6569734868022749, 0.6569734868022749, 0.6569734868022749]"
19,0.6568437474873369,0.6568437474873369,3.428975820541382,0.0,"['ZOGBII', 'ZOGBII', 'ZOGBII', 'ZOGBII', 'ZOGBII']","[0.4811117758047859, 0.6177722790919894, 0.6432218696836447, 0.6432218696836447, 0.6432218696836447, 0.6438577258316578, 0.6535007187220493, 0.6535007187220493, 0.6535007187220493, 0.6535007187220493, 0.6535007187220493, 0.6535007187220493, 0.6535007187220493, 0.6535007187220493, 0.6544506478683912, 0.6544506478683912, 0.6544506478683912, 0.6544506478683912, 0.6544506478683912, 0.6544506478683912, 0.6544506478683912, 0.6544506478683912, 0.6544506478683912, 0.6551504256436328, 0.6551504256436328, 0.6551504256436328, 0.6551504256436328, 0.6551504256436328, 0.6551504256436328, 0.6551504256436328, 0.6562219950961042, 0.6562219950961042, 0.6562219950961042, 0.6562219950961042, 0.6562219950961042, 0.6562219950961042, 0.6562219950961042, 0.6568437474873369, 0.6568437474873369, 0.6568437474873369, 0.6568437474873369, 0.6568437474873369, 0.6568437474873369, 0.6568437474873369, 0.6568437474873369, 0.6568437474873369, 0.6568437474873369, 0.6568437474873369, 0.6568437474873369, 0.6568437474873369, 0.6568437474873369, 0.6568437474873369, 0.6568437474873369, 0.6568437474873369, 0.6568437474873369, 0.6568437474873369, 0.6568437474873369, 0.6568437474873369, 0.6568437474873369, 0.6568437474873369, 0.6568437474873369, 0.6568437474873369, 0.6568437474873369, 0.6568437474873369, 0.6568437474873369, 0.6568437474873369, 0.6568437474873369, 0.6568437474873369, 0.6568437474873369, 0.6568437474873369, 0.6568437474873369, 0.6568437474873369, 0.6568437474873369, 0.6568437474873369, 0.6568437474873369, 0.6568437474873369, 0.6568437474873369, 0.6568437474873369, 0.6568437474873369, 0.6568437474873369, 0.6568437474873369, 0.6568437474873369, 0.6568437474873369, 0.6568437474873369, 0.6568437474873369, 0.6568437474873369, 0.6568437474873369, 0.6568437474873369, 0.6568437474873369, 0.6568437474873369, 0.6568437474873369, 0.6568437474873369, 0.6568437474873369, 0.6568437474873369, 0.6568437474873369, 0.6568437474873369, 0.6568437474873369, 0.6568437474873369, 0.6568437474873369, 0.6568437474873369]"
20,0.6620977183375141,0.6620977183375141,3.4209108352661133,0.0,"['ZOGBII', 'ZOGBII', 'ZOGBII', 'ZOGBII', 'ZOGBII']","[0.36333333333333334, 0.6551328179271444, 0.6551328179271444, 0.6551328179271444, 0.6551328179271444, 0.6551328179271444, 0.6551328179271444, 0.6551328179271444, 0.6551328179271444, 0.6551328179271444, 0.6551328179271444, 0.6551328179271444, 0.6551328179271444, 0.6557583298941229, 0.6557583298941229, 0.6557583298941229, 0.6557583298941229, 0.6557583298941229, 0.6557583298941229, 0.6557583298941229, 0.6557583298941229, 0.6557583298941229, 0.6557583298941229, 0.6566028737885795, 0.6566028737885795, 0.6566028737885795, 0.6566028737885795, 0.6566028737885795, 0.6566028737885795, 0.6566028737885795, 0.6566028737885795, 0.6566028737885795, 0.6566028737885795, 0.6566028737885795, 0.6566028737885795, 0.6566028737885795, 0.6620977183375141, 0.6620977183375141, 0.6620977183375141, 0.6620977183375141, 0.6620977183375141, 0.6620977183375141, 0.6620977183375141, 0.6620977183375141, 0.6620977183375141, 0.6620977183375141, 0.6620977183375141, 0.6620977183375141, 0.6620977183375141, 0.6620977183375141, 0.6620977183375141, 0.6620977183375141, 0.6620977183375141, 0.6620977183375141, 0.6620977183375141, 0.6620977183375141, 0.6620977183375141, 0.6620977183375141, 0.6620977183375141, 0.6620977183375141, 0.6620977183375141, 0.6620977183375141, 0.6620977183375141, 0.6620977183375141, 0.6620977183375141, 0.6620977183375141, 0.6620977183375141, 0.6620977183375141, 0.6620977183375141, 0.6620977183375141, 0.6620977183375141, 0.6620977183375141, 0.6620977183375141, 0.6620977183375141, 0.6620977183375141, 0.6620977183375141, 0.6620977183375141, 0.6620977183375141, 0.6620977183375141, 0.6620977183375141, 0.6620977183375141, 0.6620977183375141, 0.6620977183375141, 0.6620977183375141, 0.6620977183375141, 0.6620977183375141, 0.6620977183375141, 0.6620977183375141, 0.6620977183375141, 0.6620977183375141, 0.6620977183375141, 0.6620977183375141, 0.6620977183375141, 0.6620977183375141, 0.6620977183375141, 0.6620977183375141, 0.6620977183375141, 0.6620977183375141, 0.6620977183375141, 0.6620977183375141]"
21,0.6626791374326831,0.6626791374326831,3.4292027950286865,0.0,"['ZOGBII', 'ZOGBII', 'ZOGBII', 'ZOGBII', 'ZOGBII']","[0.4211635272553109, 0.6428930240758453, 0.6556378749940729, 0.6556378749940729, 0.6556378749940729, 0.6556378749940729, 0.6556378749940729, 0.6556378749940729, 0.6556378749940729, 0.6556378749940729, 0.6556409502402416, 0.6556409502402416, 0.6556409502402416, 0.6556409502402416, 0.6556409502402416, 0.6556409502402416, 0.6556409502402416, 0.6556409502402416, 0.6556409502402416, 0.6556409502402416, 0.6556409502402416, 0.6556409502402416, 0.6559314955603837, 0.6559314955603837, 0.6559314955603837, 0.6559314955603837, 0.6559314955603837, 0.6559314955603837, 0.6559314955603837, 0.6559314955603837, 0.6559314955603837, 0.6559314955603837, 0.6559314955603837, 0.6559314955603837, 0.6559314955603837, 0.6559314955603837, 0.6559314955603837, 0.6559314955603837, 0.6559314955603837, 0.6559314955603837, 0.6559314955603837, 0.6559314955603837, 0.6559314955603837, 0.6562115304668547, 0.6562115304668547, 0.6562115304668547, 0.6562115304668547, 0.6562115304668547, 0.6562115304668547, 0.6562115304668547, 0.6562115304668547, 0.6562115304668547, 0.6562115304668547, 0.6562115304668547, 0.6562115304668547, 0.6562115304668547, 0.6562115304668547, 0.6562115304668547, 0.6562115304668547, 0.6562115304668547, 0.6562115304668547, 0.6562115304668547, 0.6562115304668547, 0.6568442475320587, 0.6568442475320587, 0.6568442475320587, 0.6568442475320587, 0.6568442475320587, 0.6568442475320587, 0.6568442475320587, 0.6568442475320587, 0.6568442475320587, 0.6568442475320587, 0.6568442475320587, 0.6568442475320587, 0.6568442475320587, 0.6568442475320587, 0.6568442475320587, 0.6568442475320587, 0.6568442475320587, 0.6568442475320587, 0.6568442475320587, 0.6568442475320587, 0.6568442475320587, 0.6626791374326831, 0.6626791374326831, 0.6626791374326831, 0.6626791374326831, 0.6626791374326831, 0.6626791374326831, 0.6626791374326831, 0.6626791374326831, 0.6626791374326831, 0.6626791374326831, 0.6626791374326831, 0.6626791374326831, 0.6626791374326831, 0.6626791374326831, 0.6626791374326831, 0.6626791374326831]"
22,0.6569844853162506,0.6569844853162506,3.4193899631500244,0.0,"['ZOGBII', 'ZOGBII', 'ZOGBII', 'ZOGBII', 'ZOGBII']","[0.6173553687248672, 0.6319245530481038, 0.6319245530481038, 0.6517277750489058, 0.6517277750489058, 0.6517277750489058, 0.6517277750489058, 0.6517277750489058, 0.6552659352711422, 0.6562363634507536, 0.6567966365793345, 0.6569844853162506, 0.6569844853162506, 0.6569844853162506, 0.6569844853162506, 0.6569844853162506, 0.6569844853162506, 0.6569844853162506, 0.6569844853162506, 0.6569844853162506, 0.6569844853162506, 0.6569844853162506, 0.6569844853162506, 0.6569844853162506, 0.6569844853162506, 0.6569844853162506, 0.6569844853162506, 0.6569844853162506, 0.6569844853162506, 0.6569844853162506, 0.6569844853162506, 0.6569844853162506, 0.6569844853162506, 0.6569844853162506, 0.6569844853162506, 0.6569844853162506, 0.6569844853162506, 0.6569844853162506, 0.6569844853162506, 0.6569844853162506, 0.6569844853162506, 0.6569844853162506, 0.6569844853162506, 0.6569844853162506, 0.6569844853162506, 0.6569844853162506, 0.6569844853162506, 0.6569844853162506, 0.6569844853162506, 0.6569844853162506, 0.6569844853162506, 0.6569844853162506, 0.6569844853162506, 0.6569844853162506, 0.6569844853162506, 0.6569844853162506, 0.6569844853162506, 0.6569844853162506, 0.6569844853162506, 0.6569844853162506, 0.6569844853162506, 0.6569844853162506, 0.6569844853162506, 0.6569844853162506, 0.6569844853162506, 0.6569844853162506, 0.6569844853162506, 0.6569844853162506, 0.6569844853162506, 0.6569844853162506, 0.6569844853162506, 0.6569844853162506, 0.6569844853162506, 0.6569844853162506, 0.6569844853162506, 0.6569844853162506, 0.6569844853162506, 0.6569844853162506, 0.6569844853162506, 0.6569844853162506, 0.6569844853162506, 0.6569844853162506, 0.6569844853162506, 0.6569844853162506, 0.6569844853162506, 0.6569844853162506, 0.6569844853162506, 0.6569844853162506, 0.6569844853162506, 0.6569844853162506, 0.6569844853162506, 0.6569844853162506, 0.6569844853162506, 0.6569844853162506, 0.6569844853162506, 0.6569844853162506, 0.6569844853162506, 0.6569844853162506, 0.6569844853162506, 0.6569844853162506]"
23,0.6602926954681198,0.6602926954681198,3.4303431510925293,0.0,"['ZOGBII', 'ZOGBII', 'ZOGBII', 'ZOGBII', 'ZOGBII']","[0.36333333333333334, 0.6563164434674292, 0.6563164434674292, 0.6563164434674292, 0.6563164434674292, 0.6563164434674292, 0.6563164434674292, 0.6563164434674292, 0.6563164434674292, 0.6563164434674292, 0.6563164434674292, 0.6563164434674292, 0.6563164434674292, 0.6602926954681198, 0.6602926954681198, 0.6602926954681198, 0.6602926954681198, 0.6602926954681198, 0.6602926954681198, 0.6602926954681198, 0.6602926954681198, 0.6602926954681198, 0.6602926954681198, 0.6602926954681198, 0.6602926954681198, 0.6602926954681198, 0.6602926954681198, 0.6602926954681198, 0.6602926954681198, 0.6602926954681198, 0.6602926954681198, 0.6602926954681198, 0.6602926954681198, 0.6602926954681198, 0.6602926954681198, 0.6602926954681198, 0.6602926954681198, 0.6602926954681198, 0.6602926954681198, 0.6602926954681198, 0.6602926954681198, 0.6602926954681198, 0.6602926954681198, 0.6602926954681198, 0.6602926954681198, 0.6602926954681198, 0.6602926954681198, 0.6602926954681198, 0.6602926954681198, 0.6602926954681198, 0.6602926954681198, 0.6602926954681198, 0.6602926954681198, 0.6602926954681198, 0.6602926954681198, 0.6602926954681198, 0.6602926954681198, 0.6602926954681198, 0.6602926954681198, 0.6602926954681198, 0.6602926954681198, 0.6602926954681198, 0.6602926954681198, 0.6602926954681198, 0.6602926954681198, 0.6602926954681198, 0.6602926954681198, 0.6602926954681198, 0.6602926954681198, 0.6602926954681198, 0.6602926954681198, 0.6602926954681198, 0.6602926954681198, 0.6602926954681198, 0.6602926954681198, 0.6602926954681198, 0.6602926954681198, 0.6602926954681198, 0.6602926954681198, 0.6602926954681198, 0.6602926954681198, 0.6602926954681198, 0.6602926954681198, 0.6602926954681198, 0.6602926954681198, 0.6602926954681198, 0.6602926954681198, 0.6602926954681198, 0.6602926954681198, 0.6602926954681198, 0.6602926954681198, 0.6602926954681198, 0.6602926954681198, 0.6602926954681198, 0.6602926954681198, 0.6602926954681198, 0.6602926954681198, 0.6602926954681198, 0.6602926954681198, 0.6602926954681198]"
24,0.6565633723459542,0.6565633723459542,3.415695905685425,0.0,"['ZOGBII', 'ZOGBII', 'ZOGBII', 'ZOGBII', 'ZOGBII']","[0.36333333333333334, 0.6374071495664996, 0.6501042011464407, 0.6501042011464407, 0.6501042011464407, 0.6501042011464407, 0.6501042011464407, 0.6501042011464407, 0.6558098001291383, 0.6558098001291383, 0.6558098001291383, 0.6558098001291383, 0.6558098001291383, 0.6558098001291383, 0.6558098001291383, 0.6558098001291383, 0.6558098001291383, 0.6558098001291383, 0.6558098001291383, 0.6558098001291383, 0.6559908475143522, 0.6559908475143522, 0.6559908475143522, 0.6559908475143522, 0.6559908475143522, 0.6559908475143522, 0.6559908475143522, 0.6559908475143522, 0.6559908475143522, 0.6559908475143522, 0.6559908475143522, 0.6559908475143522, 0.6559908475143522, 0.6559908475143522, 0.6565633723459542, 0.6565633723459542, 0.6565633723459542, 0.6565633723459542, 0.6565633723459542, 0.6565633723459542, 0.6565633723459542, 0.6565633723459542, 0.6565633723459542, 0.6565633723459542, 0.6565633723459542, 0.6565633723459542, 0.6565633723459542, 0.6565633723459542, 0.6565633723459542, 0.6565633723459542, 0.6565633723459542, 0.6565633723459542, 0.6565633723459542, 0.6565633723459542, 0.6565633723459542, 0.6565633723459542, 0.6565633723459542, 0.6565633723459542, 0.6565633723459542, 0.6565633723459542, 0.6565633723459542, 0.6565633723459542, 0.6565633723459542, 0.6565633723459542, 0.6565633723459542, 0.6565633723459542, 0.6565633723459542, 0.6565633723459542, 0.6565633723459542, 0.6565633723459542, 0.6565633723459542, 0.6565633723459542, 0.6565633723459542, 0.6565633723459542, 0.6565633723459542, 0.6565633723459542, 0.6565633723459542, 0.6565633723459542, 0.6565633723459542, 0.6565633723459542, 0.6565633723459542, 0.6565633723459542, 0.6565633723459542, 0.6565633723459542, 0.6565633723459542, 0.6565633723459542, 0.6565633723459542, 0.6565633723459542, 0.6565633723459542, 0.6565633723459542, 0.6565633723459542, 0.6565633723459542, 0.6565633723459542, 0.6565633723459542, 0.6565633723459542, 0.6565633723459542, 0.6565633723459542, 0.6565633723459542, 0.6565633723459542, 0.6565633723459542]"
25,0.6608421358336617,0.6608421358336617,3.417991876602173,0.0,"['ZOGBII', 'ZOGBII', 'ZOGBII', 'ZOGBII', 'ZOGBII']","[0.35704225352112673, 0.6526124350070063, 0.6526124350070063, 0.6526124350070063, 0.6526124350070063, 0.6526124350070063, 0.6537502621887384, 0.6537502621887384, 0.6557408163391883, 0.6557408163391883, 0.6557408163391883, 0.6557408163391883, 0.6557408163391883, 0.6557408163391883, 0.6557408163391883, 0.6557408163391883, 0.6557408163391883, 0.6557408163391883, 0.6557408163391883, 0.6557408163391883, 0.6557408163391883, 0.6557408163391883, 0.6557408163391883, 0.6557408163391883, 0.6557408163391883, 0.6557408163391883, 0.6557408163391883, 0.6557408163391883, 0.6557408163391883, 0.6557408163391883, 0.6557408163391883, 0.6557408163391883, 0.6557408163391883, 0.6557408163391883, 0.6557408163391883, 0.6557408163391883, 0.6557408163391883, 0.6557408163391883, 0.6557408163391883, 0.6557408163391883, 0.6568040597945423, 0.6568040597945423, 0.6568040597945423, 0.6568040597945423, 0.6568040597945423, 0.6568040597945423, 0.6568040597945423, 0.6568040597945423, 0.6568040597945423, 0.6568040597945423, 0.6568040597945423, 0.6568040597945423, 0.6568040597945423, 0.6568040597945423, 0.6568040597945423, 0.6568040597945423, 0.6568040597945423, 0.6568040597945423, 0.6608421358336617, 0.6608421358336617, 0.6608421358336617, 0.6608421358336617, 0.6608421358336617, 0.6608421358336617, 0.6608421358336617, 0.6608421358336617, 0.6608421358336617, 0.6608421358336617, 0.6608421358336617, 0.6608421358336617, 0.6608421358336617, 0.6608421358336617, 0.6608421358336617, 0.6608421358336617, 0.6608421358336617, 0.6608421358336617, 0.6608421358336617, 0.6608421358336617, 0.6608421358336617, 0.6608421358336617, 0.6608421358336617, 0.6608421358336617, 0.6608421358336617, 0.6608421358336617, 0.6608421358336617, 0.6608421358336617, 0.6608421358336617, 0.6608421358336617, 0.6608421358336617, 0.6608421358336617, 0.6608421358336617, 0.6608421358336617, 0.6608421358336617, 0.6608421358336617, 0.6608421358336617, 0.6608421358336617, 0.6608421358336617, 0.6608421358336617, 0.6608421358336617, 0.6608421358336617]"
26,0.6564932632024064,0.6564932632024064,3.424798011779785,0.0,"['ZOGBII', 'ZOGBII', 'ZOGBII', 'ZOGBII', 'ZOGBII']","[0.5745518540984745, 0.6303062672141576, 0.6303062672141576, 0.6303062672141576, 0.6506127402198724, 0.6506127402198724, 0.6537087432029584, 0.6537087432029584, 0.6537087432029584, 0.6561427267365962, 0.6561427267365962, 0.6561427267365962, 0.6561427267365962, 0.6561427267365962, 0.6561427267365962, 0.6561427267365962, 0.6561427267365962, 0.6561427267365962, 0.6561427267365962, 0.6561427267365962, 0.6561427267365962, 0.6561427267365962, 0.6561427267365962, 0.6561427267365962, 0.6561427267365962, 0.6561427267365962, 0.6561427267365962, 0.6561427267365962, 0.6561427267365962, 0.6561427267365962, 0.6561427267365962, 0.6561427267365962, 0.6561427267365962, 0.6561427267365962, 0.6561427267365962, 0.6561427267365962, 0.6561427267365962, 0.6561427267365962, 0.6561427267365962, 0.6561427267365962, 0.6561427267365962, 0.6561427267365962, 0.6561427267365962, 0.6561427267365962, 0.6561427267365962, 0.6561427267365962, 0.6561427267365962, 0.6561427267365962, 0.6561427267365962, 0.6561427267365962, 0.6561427267365962, 0.6561427267365962, 0.6561427267365962, 0.6561427267365962, 0.6561427267365962, 0.6561427267365962, 0.6564098231415392, 0.6564098231415392, 0.6564098231415392, 0.6564098231415392, 0.6564098231415392, 0.6564098231415392, 0.6564098231415392, 0.6564098231415392, 0.6564098231415392, 0.6564098231415392, 0.6564098231415392, 0.6564098231415392, 0.6564098231415392, 0.6564098231415392, 0.6564098231415392, 0.6564098231415392, 0.6564098231415392, 0.6564932632024064, 0.6564932632024064, 0.6564932632024064, 0.6564932632024064, 0.6564932632024064, 0.6564932632024064, 0.6564932632024064, 0.6564932632024064, 0.6564932632024064, 0.6564932632024064, 0.6564932632024064, 0.6564932632024064, 0.6564932632024064, 0.6564932632024064, 0.6564932632024064, 0.6564932632024064, 0.6564932632024064, 0.6564932632024064, 0.6564932632024064, 0.6564932632024064, 0.6564932632024064, 0.6564932632024064, 0.6564932632024064, 0.6564932632024064, 0.6564932632024064, 0.6564932632024064, 0.6564932632024064]"
27,0.6630397107778383,0.6630397107778383,3.429872989654541,0.0,"['ZOGBII', 'ZOGBII', 'ZOGBII', 'ZOGBII', 'ZOGBII']","[0.4298832023175666, 0.6323343925411509, 0.6412420607994683, 0.6412420607994683, 0.6568210511965783, 0.6568210511965783, 0.6568210511965783, 0.6568210511965783, 0.6568210511965783, 0.6568210511965783, 0.6569967680814306, 0.6569967680814306, 0.6569967680814306, 0.6569967680814306, 0.6569967680814306, 0.6569967680814306, 0.6569967680814306, 0.6569967680814306, 0.6569967680814306, 0.6569967680814306, 0.6569967680814306, 0.6569967680814306, 0.6569967680814306, 0.6569967680814306, 0.6569967680814306, 0.6569967680814306, 0.6569967680814306, 0.6569967680814306, 0.6569967680814306, 0.6569967680814306, 0.6569967680814306, 0.6569967680814306, 0.6569967680814306, 0.6569967680814306, 0.6569967680814306, 0.6569967680814306, 0.6569967680814306, 0.6569967680814306, 0.6569967680814306, 0.6569967680814306, 0.6569967680814306, 0.6569967680814306, 0.6569967680814306, 0.6569967680814306, 0.6569967680814306, 0.6569967680814306, 0.6569967680814306, 0.6569967680814306, 0.6569967680814306, 0.6569967680814306, 0.6569967680814306, 0.6569967680814306, 0.6569967680814306, 0.6569967680814306, 0.6569967680814306, 0.6569967680814306, 0.6569967680814306, 0.6569967680814306, 0.6569967680814306, 0.6569967680814306, 0.6569967680814306, 0.6569967680814306, 0.6569967680814306, 0.6569967680814306, 0.6569967680814306, 0.6569967680814306, 0.6569967680814306, 0.6569967680814306, 0.6569967680814306, 0.6569967680814306, 0.6569967680814306, 0.6569967680814306, 0.6569967680814306, 0.6569967680814306, 0.6569967680814306, 0.6569967680814306, 0.6569967680814306, 0.6569967680814306, 0.6569967680814306, 0.6569967680814306, 0.6569967680814306, 0.6569967680814306, 0.6569967680814306, 0.6569967680814306, 0.6569967680814306, 0.6569967680814306, 0.6569967680814306, 0.6569967680814306, 0.6569967680814306, 0.6569967680814306, 0.6569967680814306, 0.6569967680814306, 0.6569967680814306, 0.6570174497668128, 0.6570174497668128, 0.6570174497668128, 0.6570174497668128, 0.6630397107778383, 0.6630397107778383, 0.6630397107778383]"
28,0.6569375860107874,0.6569375860107874,3.4300100803375244,0.0,"['ZOGBII', 'ZOGBII', 'ZOGBII', 'ZOGBII', 'ZOGBII']","[0.35704225352112673, 0.6497165014561821, 0.6497165014561821, 0.6507439083626845, 0.6536209757956497, 0.6536209757956497, 0.6536209757956497, 0.6536209757956497, 0.6536209757956497, 0.6536209757956497, 0.6536209757956497, 0.6536209757956497, 0.6536209757956497, 0.6536209757956497, 0.6536209757956497, 0.6569375860107874, 0.6569375860107874, 0.6569375860107874, 0.6569375860107874, 0.6569375860107874, 0.6569375860107874, 0.6569375860107874, 0.6569375860107874, 0.6569375860107874, 0.6569375860107874, 0.6569375860107874, 0.6569375860107874, 0.6569375860107874, 0.6569375860107874, 0.6569375860107874, 0.6569375860107874, 0.6569375860107874, 0.6569375860107874, 0.6569375860107874, 0.6569375860107874, 0.6569375860107874, 0.6569375860107874, 0.6569375860107874, 0.6569375860107874, 0.6569375860107874, 0.6569375860107874, 0.6569375860107874, 0.6569375860107874, 0.6569375860107874, 0.6569375860107874, 0.6569375860107874, 0.6569375860107874, 0.6569375860107874, 0.6569375860107874, 0.6569375860107874, 0.6569375860107874, 0.6569375860107874, 0.6569375860107874, 0.6569375860107874, 0.6569375860107874, 0.6569375860107874, 0.6569375860107874, 0.6569375860107874, 0.6569375860107874, 0.6569375860107874, 0.6569375860107874, 0.6569375860107874, 0.6569375860107874, 0.6569375860107874, 0.6569375860107874, 0.6569375860107874, 0.6569375860107874, 0.6569375860107874, 0.6569375860107874, 0.6569375860107874, 0.6569375860107874, 0.6569375860107874, 0.6569375860107874, 0.6569375860107874, 0.6569375860107874, 0.6569375860107874, 0.6569375860107874, 0.6569375860107874, 0.6569375860107874, 0.6569375860107874, 0.6569375860107874, 0.6569375860107874, 0.6569375860107874, 0.6569375860107874, 0.6569375860107874, 0.6569375860107874, 0.6569375860107874, 0.6569375860107874, 0.6569375860107874, 0.6569375860107874, 0.6569375860107874, 0.6569375860107874, 0.6569375860107874, 0.6569375860107874, 0.6569375860107874, 0.6569375860107874, 0.6569375860107874, 0.6569375860107874, 0.6569375860107874, 0.6569375860107874]"
29,0.6630596458893704,0.6630596458893704,3.425135850906372,0.0,"['ZOGBII', 'ZOGBII', 'ZOGBII', 'ZOGBII', 'ZOGBII']","[0.35704225352112673, 0.6518798107518565, 0.6523891522084008, 0.6523891522084008, 0.6523891522084008, 0.6523891522084008, 0.6523891522084008, 0.6523891522084008, 0.6523891522084008, 0.6547608268447201, 0.6547608268447201, 0.6551062793142557, 0.6551062793142557, 0.6551062793142557, 0.6551062793142557, 0.6551062793142557, 0.6551062793142557, 0.6551062793142557, 0.6551062793142557, 0.6551062793142557, 0.6554433538254284, 0.6554433538254284, 0.6554433538254284, 0.6554433538254284, 0.6554433538254284, 0.6554433538254284, 0.6554433538254284, 0.6554433538254284, 0.6554433538254284, 0.6554433538254284, 0.6554433538254284, 0.6554433538254284, 0.6554433538254284, 0.6554433538254284, 0.6554433538254284, 0.6554433538254284, 0.6554433538254284, 0.6554433538254284, 0.6554433538254284, 0.6554433538254284, 0.6554433538254284, 0.6554433538254284, 0.6554433538254284, 0.6554433538254284, 0.6554433538254284, 0.6554433538254284, 0.6554433538254284, 0.6554433538254284, 0.6554433538254284, 0.6630596458893704, 0.6630596458893704, 0.6630596458893704, 0.6630596458893704, 0.6630596458893704, 0.6630596458893704, 0.6630596458893704, 0.6630596458893704, 0.6630596458893704, 0.6630596458893704, 0.6630596458893704, 0.6630596458893704, 0.6630596458893704, 0.6630596458893704, 0.6630596458893704, 0.6630596458893704, 0.6630596458893704, 0.6630596458893704, 0.6630596458893704, 0.6630596458893704, 0.6630596458893704, 0.6630596458893704, 0.6630596458893704, 0.6630596458893704, 0.6630596458893704, 0.6630596458893704, 0.6630596458893704, 0.6630596458893704, 0.6630596458893704, 0.6630596458893704, 0.6630596458893704, 0.6630596458893704, 0.6630596458893704, 0.6630596458893704, 0.6630596458893704, 0.6630596458893704, 0.6630596458893704, 0.6630596458893704, 0.6630596458893704, 0.6630596458893704, 0.6630596458893704, 0.6630596458893704, 0.6630596458893704, 0.6630596458893704, 0.6630596458893704, 0.6630596458893704, 0.6630596458893704, 0.6630596458893704, 0.6630596458893704, 0.6630596458893704, 0.6630596458893704]"
